Country Name,WB Code,Region,Income Group,Probability of Survival to Age 5,Expected Years of School,Harmonized Test Scores,Learning-Adjusted Years of School,Fraction of Children Under 5 Not Stunted,Adult Survival Rate,HUMAN CAPITAL INDEX 2020 (LOWER BOUND),HUMAN CAPITAL INDEX 2020,HUMAN CAPITAL INDEX 2020 (UPPER BOUND)
Afghanistan,AFG,South Asia,Low income,0.9377235770225525,8.901890754699707,354.7587890625,5.052838325500488,0.6180722117424011,0.7877408266067505,0.3871486186981201,0.40028414130210876,0.4126172661781311
Albania,ALB,Europe & Central Asia,Upper middle income,0.9911766648292542,12.889381408691406,434.1275939941406,8.953018188476562,0.8867664933204651,0.9293659925460815,0.6247255206108093,0.6342509388923645,0.6434780359268188
Algeria,DZA,Middle East & North Africa,Lower middle income,0.976517915725708,11.848034858703613,374.0890808105469,7.091552734375,0.8831039667129517,0.9092822670936584,0.5273110270500183,0.5345564484596252,0.5415102243423462
Angola,AGO,Sub-Saharan Africa,Lower middle income,0.9228354692459106,8.120065689086914,325.9654846191406,4.234977722167969,0.6242885589599609,0.7293587327003479,0.32986369729042053,0.362405389547348,0.385374516248703
Antigua and Barbuda,ATG,Latin America & Caribbean,High income,0.9935585260391235,12.967559814453125,406.9974365234375,8.444421768188477,-,0.8972075581550598,0.5840800404548645,0.5957038998603821,0.6074146032333374
Argentina,ARG,Latin America & Caribbean,Upper middle income,0.9900550246238708,12.879523277282715,408.1726379394531,8.411310195922852,0.9210000038146973,0.8882691860198975,0.5916669368743896,0.602144718170166,0.6117156147956848
Armenia,ARM,Europe & Central Asia,Upper middle income,0.9876193404197693,11.27987003326416,442.9694519042969,7.9946208000183105,0.9060105085372925,0.885818600654602,0.5692161917686462,0.5789988040924072,0.5885320901870728
Australia,AUS,East Asia & Pacific,High income,0.996311366558075,13.60144329071045,515.6853637695312,11.222504615783691,-,0.94614177942276,0.7619490027427673,0.770239531993866,0.7779680490493774
Austria,AUT,Europe & Central Asia,High income,0.9964772462844849,13.42759895324707,507.6393737792969,10.906205177307129,-,0.9371843934059143,0.7371965646743774,0.7467397451400757,0.7565202116966248
Azerbaijan,AZE,Europe & Central Asia,Upper middle income,0.9784765839576721,12.44378662109375,415.9461975097656,8.281513214111328,0.8222754001617432,0.8819581270217896,0.561639130115509,0.577767550945282,0.5911514163017273
Bahrain,BHR,Middle East & North Africa,High income,0.9929053783416748,12.849672317504883,451.70599365234375,9.28683853149414,-,0.9344145655632019,0.6445410847663879,0.6524720191955566,0.6598454713821411
Bangladesh,BGD,South Asia,Lower middle income,0.9698429703712463,10.163542747497559,368.3152770996094,5.9894208908081055,0.6920000314712524,0.8685122728347778,0.4552689790725708,0.4640364348888397,0.47212889790534973
Belarus,BLR,Europe & Central Asia,Upper middle income,0.9965793490409851,13.807777404785156,488.1430969238281,10.784273147583008,-,0.853127121925354,0.6902708411216736,0.7000781893730164,0.7096639275550842
Belgium,BEL,Europe & Central Asia,High income,0.9963484406471252,13.524476051330566,516.807861328125,11.18328857421875,-,0.9312352538108826,0.7519775629043579,0.7604196667671204,0.7688379287719727
Benin,BEN,Sub-Saharan Africa,Lower middle income,0.9070135354995728,9.224535942077637,383.9228515625,5.666416645050049,-,0.7682603597640991,0.37856191396713257,0.40029072761535645,0.42173755168914795
Bhutan,BTN,South Asia,Lower middle income,0.9703007340431213,10.224569320678711,386.7394104003906,6.3267903327941895,0.7879999876022339,0.8068366050720215,0.4503200054168701,0.4752970337867737,0.49921533465385437
Bosnia and Herzegovina,BIH,Europe & Central Asia,Upper middle income,0.9941948056221008,11.717803001403809,416.1340637207031,7.801883220672607,0.9111343622207642,0.9136298894882202,0.5708836317062378,0.5796840786933899,0.5882684588432312
Botswana,BWA,Sub-Saharan Africa,Upper middle income,0.9635339975357056,8.118463516235352,391.31829833984375,5.083045482635498,-,0.7988409996032715,0.38891610503196716,0.41402849555015564,0.43098387122154236
Brazil,BRA,Latin America & Caribbean,Upper middle income,0.9856491684913635,11.907047271728516,413.2447509765625,7.872839450836182,-,0.8613823652267456,0.5463635325431824,0.5514979362487793,0.5563690662384033
Brunei Darussalam,BRN,East Asia & Pacific,High income,0.9884477257728577,13.169410705566406,437.51593017578125,9.218923568725586,0.8029999732971191,0.8789383172988892,0.6188470721244812,0.6263913512229919,0.6337846517562866
Bulgaria,BGR,Europe & Central Asia,Upper middle income,0.9929444193840027,12.309340476989746,441.09332275390625,8.687309265136719,0.9300000071525574,0.8661385178565979,0.6032535433769226,0.6138981580734253,0.6248763799667358
Burkina Faso,BFA,Sub-Saharan Africa,Low income,0.9235833883285522,7.018786430358887,403.6543273925781,4.533061504364014,0.7509958744049072,0.7613705396652222,0.36323073506355286,0.3836919367313385,0.4016943871974945
Burundi,BDI,Sub-Saharan Africa,Low income,0.9415431618690491,7.6355719566345215,422.747802734375,5.164674282073975,0.4580000042915344,0.7229411005973816,0.3643782138824463,0.3861706256866455,0.4058842360973358
Cambodia,KHM,East Asia & Pacific,Lower middle income,0.9720046520233154,9.465780258178711,451.88958740234375,6.843980312347412,0.6755092144012451,0.8377218842506409,0.47126007080078125,0.49158987402915955,0.5069871544837952
Cameroon,CMR,Sub-Saharan Africa,Lower middle income,0.9239400029182434,8.721478462219238,378.86883544921875,5.286874294281006,0.7109999656677246,0.7042362689971924,0.37664785981178284,0.39740151166915894,0.41758689284324646
Canada,CAN,North America,High income,0.9950266480445862,13.722015380859375,533.9979858398438,11.724045753479004,-,0.9399721622467041,0.7895455956459045,0.797520101070404,0.8055559992790222
Central African Republic,CAF,Sub-Saharan Africa,Low income,0.8835216164588928,4.569999694824219,368.73016357421875,2.696154832839966,0.5920000076293945,0.5913954377174377,0.25583741068840027,0.29163190722465515,0.32074791193008423
Chad,TCD,Sub-Saharan Africa,Low income,0.8810218572616577,5.310591697692871,333.111328125,2.8304290771484375,0.6023423075675964,0.6461252570152283,0.2816317081451416,0.29978278279304504,0.3171570301055908
Chile,CHL,Latin America & Caribbean,High income,0.9928076863288879,13.00178337097168,452.2182312011719,9.407429695129395,-,0.9177480936050415,0.6410711407661438,0.651604175567627,0.6617168188095093
China,CHN,East Asia & Pacific,Upper middle income,0.9913992285728455,13.13779354095459,441.0,9.270027160644531,0.9190000295639038,0.923591136932373,0.6399794220924377,0.6531026363372803,0.6652412414550781
Colombia,COL,Latin America & Caribbean,Upper middle income,0.985790491104126,12.860374450683594,419.02752685546875,8.622161865234375,0.8725557923316956,0.8866510987281799,0.5917106866836548,0.60433030128479,0.6163741946220398
Comoros,COM,Sub-Saharan Africa,Lower middle income,0.932531476020813,8.17353343963623,392.22552490234375,5.129389762878418,0.6886875629425049,0.7819996476173401,0.3601017892360687,0.40468829870224,0.4340665638446808
"Congo, Dem. Rep.",COD,Sub-Saharan Africa,Low income,0.9118964672088623,9.131845474243164,310.1971435546875,4.532275676727295,0.5730823278427124,0.7535561919212341,0.34386399388313293,0.3663692772388458,0.38498979806900024
"Congo, Rep.",COG,Sub-Saharan Africa,Lower middle income,0.9498883485794067,8.912769317626953,370.61407470703125,5.285116672515869,0.7881277799606323,0.7429219484329224,0.39294520020484924,0.4192657172679901,0.44048741459846497
Costa Rica,CRI,Latin America & Caribbean,Upper middle income,0.9912109375,13.115726470947266,428.5556945800781,8.993310928344727,-,0.9159905910491943,0.6188911199569702,0.628635048866272,0.6383744478225708
Croatia,HRV,Europe & Central Asia,High income,0.9953329563140869,13.390284538269043,487.58123779296875,10.446162223815918,-,0.917376697063446,0.7003625631332397,0.709693968296051,0.7188518047332764
Cyprus,CYP,Europe & Central Asia,High income,0.9976169466972351,13.587605476379395,502.16217041015625,10.91709041595459,-,0.9520066380500793,0.7459179162979126,0.755520224571228,0.7644456028938293
Czech Republic,CZE,Europe & Central Asia,High income,0.9966269731521606,13.564104080200195,512.2216186523438,11.116523742675781,-,0.922457218170166,0.7428697347640991,0.7522574067115784,0.7615647315979004
Côte d'Ivoire,CIV,Sub-Saharan Africa,Lower middle income,0.9191221594810486,8.057337760925293,373.23052978515625,4.811591148376465,0.7837072014808655,0.6600455045700073,0.36150065064430237,0.3798893392086029,0.39757660031318665
Denmark,DNK,Europe & Central Asia,High income,0.9957765340805054,13.39460277557373,517.8778076171875,11.098828315734863,-,0.9317006468772888,0.7476469278335571,0.7550948262214661,0.7622250318527222
Dominica,DMA,Latin America & Caribbean,Upper middle income,0.9643142819404602,12.396614074707031,403.7832336425781,8.008872032165527,-,0.8593729734420776,0.5290657877922058,0.5447493195533752,0.5589038729667664
Dominican Republic,DOM,Latin America & Caribbean,Upper middle income,0.971153199672699,11.87394905090332,345.2165222167969,6.558533191680908,0.9287617206573486,0.8447074890136719,0.4887038469314575,0.5027669072151184,0.5151029229164124
Ecuador,ECU,Latin America & Caribbean,Upper middle income,0.9857698082923889,12.936629295349121,420.1485595703125,8.696490287780762,0.7606320977210999,0.8764479160308838,0.585349440574646,0.5942548513412476,0.6030656099319458
"Egypt, Arab Rep.",EGY,Middle East & North Africa,Lower middle income,0.9787746667861938,11.4635009765625,355.98651123046875,6.529362678527832,0.7773113250732422,0.8567936420440674,0.4802601933479309,0.49437466263771057,0.5076782703399658
El Salvador,SLV,Latin America & Caribbean,Lower middle income,0.9863465428352356,10.949888229370117,435.9227600097656,7.637288570404053,0.8635157346725464,0.8211334347724915,0.530962347984314,0.5461766123771667,0.5597056150436401
Estonia,EST,Europe & Central Asia,High income,0.997352659702301,13.483963966369629,543.2060546875,11.71931266784668,-,0.8974454402923584,0.7654546499252319,0.7772032022476196,0.7887171506881714
Eswatini,SWZ,Sub-Saharan Africa,Lower middle income,0.9456348419189453,6.423721790313721,440.30450439453125,4.525429725646973,0.7445052862167358,0.603710412979126,0.35248517990112305,0.37250080704689026,0.389619916677475
Ethiopia,ETH,Sub-Saharan Africa,Low income,0.9447553753852844,7.806440830230713,348.19903564453125,4.349112510681152,0.6319999694824219,0.7929816842079163,0.3721332550048828,0.3827848434448242,0.3922038972377777
Fiji,FJI,East Asia & Pacific,Upper middle income,0.9743790626525879,11.333295822143555,383.3359680175781,6.951136112213135,0.9089999794960022,0.7839993238449097,0.49649858474731445,0.5085732936859131,0.5206108689308167
Finland,FIN,Europe & Central Asia,High income,0.9983046054840088,13.746703147888184,533.7076416015625,11.738752365112305,-,0.930211067199707,0.7870250344276428,0.7960010170936584,0.80467289686203
France,FRA,Europe & Central Asia,High income,0.995955765247345,13.802658081054688,510.2605895996094,11.268723487854004,-,0.926030695438385,0.7544858455657959,0.7627372145652771,0.7714400887489319
Gabon,GAB,Sub-Saharan Africa,Upper middle income,0.955239474773407,8.255537986755371,456.127685546875,6.024927139282227,0.8296557068824768,0.7904538512229919,0.43346282839775085,0.45761245489120483,0.47837093472480774
"Gambia, The",GMB,Sub-Saharan Africa,Low income,0.9416350722312927,9.520092964172363,352.8996276855469,5.375419616699219,0.8103278875350952,0.7525278329849243,0.39422816038131714,0.42157062888145447,0.4418037235736847
Georgia,GEO,Europe & Central Asia,Upper middle income,0.9901862144470215,12.9356689453125,399.76629638671875,8.273991584777832,-,0.8528455495834351,0.5617147088050842,0.5689257979393005,0.5758548378944397
Germany,DEU,Europe & Central Asia,High income,0.9963395595550537,13.330617904663086,517.2814331054688,11.033089637756348,-,0.9308924674987793,0.7401057481765747,0.7511624693870544,0.7622750401496887
Ghana,GHA,Sub-Saharan Africa,Lower middle income,0.9520917534828186,12.120074272155762,307.2757873535156,5.958728313446045,0.824999988079071,0.7682544589042664,0.4375222325325012,0.45005640387535095,0.4617566466331482
Greece,GRC,Europe & Central Asia,High income,0.9955499172210693,13.28889274597168,468.63623046875,9.964250564575195,-,0.9330050945281982,0.6803865432739258,0.6900064945220947,0.7001301646232605
Grenada,GRD,Latin America & Caribbean,Upper middle income,0.9847789406776428,13.099438667297363,394.7491455078125,8.273588180541992,-,0.850867509841919,0.5533478260040283,0.5650705099105835,0.5766236782073975
Guatemala,GTM,Latin America & Caribbean,Upper middle income,0.9738149642944336,9.712480545043945,405.257568359375,6.297689914703369,0.5328638553619385,0.8466562628746033,0.4512813091278076,0.4612700939178467,0.4703766405582428
Guinea,GIN,Sub-Saharan Africa,Low income,0.899221658706665,6.993616580963135,408.24908447265625,4.568220138549805,0.6966943144798279,0.759966254234314,0.35245874524116516,0.37094247341156006,0.38669076561927795
Guyana,GUY,Latin America & Caribbean,Upper middle income,0.9698553085327148,12.203946113586426,346.36590576171875,6.763249397277832,0.8872910737991333,0.7743628025054932,0.4773651361465454,0.4952264726161957,0.5096753239631653
Haiti,HTI,Latin America & Caribbean,Low income,0.935236394405365,11.378000259399414,337.8153076171875,6.149860382080078,0.7805390357971191,0.7758921384811401,0.42822667956352234,0.4465649127960205,0.46255362033843994
Honduras,HND,Latin America & Caribbean,Lower middle income,0.982401430606842,9.590043067932129,399.75079345703125,6.133803844451904,0.7737758159637451,0.8604116439819336,0.46915796399116516,0.4810231328010559,0.49126332998275757
"Hong Kong SAR, China",HKG,East Asia & Pacific,High income,0.9913992285728455,13.541403770446777,548.6314086914062,11.8867826461792,-,0.9546135067939758,0.8024086952209473,0.8127565383911133,0.8226003646850586
Hungary,HUN,Europe & Central Asia,High income,0.995729386806488,12.956555366516113,495.4812316894531,10.271568298339844,-,0.8796287775039673,0.6745256185531616,0.6830872893333435,0.6915274858474731
Iceland,ISL,Europe & Central Asia,High income,0.9980381727218628,13.460270881652832,497.6827697753906,10.718311309814453,-,0.95481938123703,0.7390626072883606,0.7452818751335144,0.7514722347259521
India,IND,South Asia,Lower middle income,0.9634257555007935,11.124953269958496,399.0,7.102170467376709,0.652999997138977,0.825507640838623,0.4892657995223999,0.493510901927948,0.4977993667125702
Indonesia,IDN,East Asia & Pacific,Upper middle income,0.9750161170959473,12.388372421264648,394.91510009765625,7.827768325805664,0.7232999801635742,0.8497079610824585,0.5300182104110718,0.5400384664535522,0.549938440322876
"Iran, Islamic Rep.",IRN,Middle East & North Africa,Upper middle income,0.9855986833572388,11.849552154541016,432.10821533203125,8.192461967468262,-,0.9344824552536011,0.5813397169113159,0.5934044718742371,0.6037614941596985
Iraq,IRQ,Middle East & North Africa,Upper middle income,0.9732875227928162,6.931927680969238,363.4324951171875,4.030860424041748,0.8735702037811279,0.844261884689331,0.40058308839797974,0.40764328837394714,0.4138141870498657
Ireland,IRL,Europe & Central Asia,High income,0.9963429570198059,13.90053939819336,521.3285522460938,11.594797134399414,-,0.9443046450614929,0.7835327386856079,0.7925990223884583,0.8010845184326172
Israel,ISR,Middle East & North Africa,High income,0.9962676167488098,13.762948036193848,480.752197265625,10.586508750915527,-,0.9503155946731567,0.722771167755127,0.7339953184127808,0.744976282119751
Italy,ITA,Europe & Central Asia,High income,0.9969688653945923,13.250680923461914,492.9878234863281,10.451878547668457,-,0.9527933597564697,0.719787061214447,0.7278196811676025,0.7354813814163208
Jamaica,JAM,Latin America & Caribbean,Upper middle income,0.9855833053588867,11.39463996887207,387.13299560546875,7.057985782623291,0.9400208592414856,0.8613766431808472,0.5179914236068726,0.534977912902832,0.547929584980011
Japan,JPN,East Asia & Pacific,High income,0.9975103139877319,13.639851570129395,537.7234497070312,11.735149383544922,-,0.9485490918159485,0.7967959046363831,0.8047142624855042,0.81325364112854
Jordan,JOR,Middle East & North Africa,Upper middle income,0.9838480353355408,11.143815040588379,429.9540710449219,7.666126251220703,-,0.8941662311553955,0.5412096381187439,0.5531743764877319,0.5639644861221313
Kazakhstan,KAZ,Europe & Central Asia,Upper middle income,0.9900889992713928,13.708000183105469,416.1546325683594,9.127436637878418,0.9196416735649109,0.8446402549743652,0.6219398379325867,0.6285064220428467,0.634843647480011
Kenya,KEN,Sub-Saharan Africa,Lower middle income,0.958882212638855,11.634634017944336,454.9584045410156,8.469239234924316,0.7380917072296143,0.7736021280288696,0.5270301699638367,0.5467525124549866,0.5646011233329773
Kiribati,KIR,East Asia & Pacific,Lower middle income,0.947486937046051,11.21236801147461,411.4844970703125,7.3819451332092285,-,0.808998703956604,0.4625399112701416,0.4925929307937622,0.516819953918457
"Korea, Rep.",KOR,East Asia & Pacific,High income,0.9968082308769226,13.593419075012207,537.209716796875,11.684027671813965,-,0.9445470571517944,0.7883390784263611,0.7987762689590454,0.8092198371887207
Kosovo,XKX,Europe & Central Asia,Upper middle income,0.9850000143051147,13.168999671936035,373.54876708984375,7.870821475982666,-,0.906000018119812,0.560718834400177,0.5673317313194275,0.5733616352081299
Kuwait,KWT,Middle East & North Africa,High income,0.9921473860740662,12.033761978149414,383.4022216796875,7.382033824920654,-,0.941962718963623,0.5529653429985046,0.5625880360603333,0.5721922516822815
Kyrgyz Republic,KGZ,Europe & Central Asia,Lower middle income,0.9810588359832764,12.87249755859375,420.0865173339844,8.652100563049316,0.8824657797813416,0.8494346141815186,0.5872112512588501,0.5966171026229858,0.6053768992424011
Lao PDR,LAO,East Asia & Pacific,Lower middle income,0.952666699886322,10.614652633666992,368.14208984375,6.252320766448975,0.669367790222168,0.8217880129814148,0.44141775369644165,0.4566653370857239,0.47038137912750244
Latvia,LVA,Europe & Central Asia,High income,0.996137797832489,13.61810302734375,503.8697814941406,10.978800773620605,-,0.8441311717033386,0.6941569447517395,0.7065814137458801,0.7191427946090698
Lebanon,LBN,Middle East & North Africa,Upper middle income,0.9925622940063477,10.155516624450684,389.8890380859375,6.335239410400391,-,0.9345919489860535,0.5049667954444885,0.5151255130767822,0.5239424705505371
Lesotho,LSO,Sub-Saharan Africa,Lower middle income,0.9188860058784485,10.043679237365723,392.9119873046875,6.314051151275635,0.6539850234985352,0.5225437879562378,0.3754560947418213,0.4003925919532776,0.423239529132843
Liberia,LBR,Sub-Saharan Africa,Low income,0.9290632605552673,4.156988620758057,331.7459411621094,2.2065024375915527,0.6986395120620728,0.7757184505462646,0.30315789580345154,0.31901422142982483,0.33166268467903137
Lithuania,LTU,Europe & Central Asia,High income,0.9959642291069031,13.832849502563477,495.88629150390625,10.975232124328613,-,0.8436782956123352,0.6971232295036316,0.7060479521751404,0.7151520848274231
Luxembourg,LUX,Europe & Central Asia,High income,0.9975751042366028,12.422162055969238,492.84783935546875,9.795577049255371,-,0.9419684410095215,0.6805510520935059,0.6861461400985718,0.6914051175117493
"Macao SAR, China",MAC,East Asia & Pacific,High income,0.9913992285728455,12.903066635131836,560.613525390625,11.573814392089844,-,0.9604228734970093,0.7895967364311218,0.7956715822219849,0.8014585971832275
Madagascar,MDG,Sub-Saharan Africa,Low income,0.9464327096939087,8.398303031921387,350.7733154296875,4.713440895080566,0.58372962474823,0.7967065572738647,0.37471452355384827,0.3919910192489624,0.408600389957428
Malawi,MWI,Sub-Saharan Africa,Low income,0.950332522392273,9.572142601013184,359.48406982421875,5.50565242767334,0.6100856065750122,0.737675130367279,0.3953009247779846,0.4132406413555145,0.42922836542129517
Malaysia,MYS,East Asia & Pacific,Upper middle income,0.9922244548797607,12.466032981872559,445.6753234863281,8.88928508758545,0.7929999828338623,0.8770209550857544,0.6010172963142395,0.6109761595726013,0.6207301616668701
Mali,MLI,Sub-Saharan Africa,Low income,0.9022251963615417,5.242938995361328,307.3649597167969,2.5783932209014893,0.7310925126075745,0.7499744892120361,0.3068152368068695,0.3182695806026459,0.3287631571292877
Malta,MLT,Middle East & North Africa,High income,0.9929807782173157,13.42784595489502,474.43499755859375,10.193023681640625,-,0.9510608315467834,0.7025405168533325,0.7092483043670654,0.7156825065612793
"Marshall Islands, Rep.",MHL,East Asia & Pacific,Upper middle income,0.9668617248535156,9.431733131408691,375.0296936035156,5.659488201141357,0.6521979570388794,0.6991643309593201,0.40398937463760376,0.42339813709259033,0.44079652428627014
Mauritania,MRT,Sub-Saharan Africa,Lower middle income,0.9243257641792297,7.73077392578125,342.09356689453125,4.231436729431152,0.7716919779777527,0.8046591281890869,0.3451712429523468,0.3815460801124573,0.40588662028312683
Mauritius,MUS,Sub-Saharan Africa,High income,0.9844964742660522,12.434402465820312,472.7672119140625,9.40572452545166,-,0.8592610359191895,0.6049887537956238,0.6218592524528503,0.6395822167396545
Mexico,MEX,Latin America & Caribbean,Upper middle income,0.9872698187828064,12.824007987976074,430.06512451171875,8.824254035949707,0.8997297883033752,0.8614773750305176,0.6045781970024109,0.6129498481750488,0.621053159236908
"Micronesia, Fed. Sts.",FSM,East Asia & Pacific,Lower middle income,0.9692438840866089,11.822689056396484,379.902587890625,7.186351776123047,-,0.8392251133918762,0.47041967511177063,0.5059665441513062,0.5291780233383179
Moldova,MDA,Europe & Central Asia,Lower middle income,0.9842086434364319,11.810912132263184,438.6209411621094,8.28882122039795,0.9358964562416077,0.8355879187583923,0.5746731758117676,0.5841535329818726,0.5929018259048462
Mongolia,MNG,East Asia & Pacific,Lower middle income,0.9836758375167847,13.162771224975586,434.6186828613281,9.153257369995117,0.905842661857605,0.7959926128387451,0.5966362953186035,0.6143975257873535,0.6304108500480652
Montenegro,MNE,Europe & Central Asia,Upper middle income,0.9974550008773804,12.765830039978027,436.1297302246094,8.908092498779297,0.9060600996017456,0.9056139588356018,0.624314546585083,0.6331818103790283,0.6406984925270081
Morocco,MAR,Middle East & North Africa,Lower middle income,0.9775886535644531,10.379854202270508,380.40521240234375,6.317681312561035,0.8489357829093933,0.9341241121292114,0.4934130311012268,0.5041163563728333,0.513883650302887
Mozambique,MOZ,Sub-Saharan Africa,Low income,0.9267822504043579,7.589724540710449,368.24359130859375,4.471787929534912,0.577081561088562,0.6808788180351257,0.3430505692958832,0.36211666464805603,0.377384215593338
Myanmar,MMR,East Asia & Pacific,Lower middle income,0.9538057446479797,9.990972518920898,424.63128662109375,6.787967205047607,0.7062889337539673,0.8048852682113647,0.4590986669063568,0.47765201330184937,0.49424391984939575
Namibia,NAM,Sub-Saharan Africa,Upper middle income,0.960381269454956,9.384431838989258,406.661865234375,6.106064796447754,0.7728365659713745,0.708560585975647,0.42295604944229126,0.4464375376701355,0.465390145778656
Nauru,NRU,East Asia & Pacific,High income,0.9681686758995056,11.740946769714355,346.6296691894531,6.5116167068481445,-,0.9309999942779541,0.4850863516330719,0.5084121227264404,0.5265761613845825
Nepal,NPL,South Asia,Lower middle income,0.9678153395652771,12.254973411560059,368.5575866699219,7.226661205291748,0.6397981643676758,0.8561713695526123,0.48969578742980957,0.504601776599884,0.5186126232147217
Netherlands,NLD,Europe & Central Asia,High income,0.9961264729499817,13.878768920898438,519.6346435546875,11.539022445678711,-,0.9462765455245972,0.7802541851997375,0.7899150252342224,0.7995548248291016
New Zealand,NZL,East Asia & Pacific,High income,0.994301974773407,13.696813583374023,519.7484130859375,11.39023494720459,-,0.939959704875946,0.7680107951164246,0.7759324312210083,0.7834054231643677
Nicaragua,NIC,Latin America & Caribbean,Lower middle income,0.9817061424255371,10.758749961853027,391.9904479980469,6.74772310256958,0.8274065852165222,0.8513867855072021,0.5000671744346619,0.5080982446670532,0.515531063079834
Niger,NER,Sub-Saharan Africa,Low income,0.9163431525230408,5.4982500076293945,304.9222412109375,2.682461977005005,0.515173077583313,0.7666255235671997,0.29482802748680115,0.3156851828098297,0.33261701464653015
Nigeria,NGA,Sub-Saharan Africa,Lower middle income,0.880086362361908,10.1899995803833,309.02496337890625,5.038342475891113,0.6318435668945312,0.6585401296615601,0.33457151055336,0.36060982942581177,0.38145971298217773
North Macedonia,MKD,Europe & Central Asia,Upper middle income,0.9901001453399658,11.02529525756836,413.6173095703125,7.296404838562012,0.9505164623260498,0.9088664054870605,0.5513598322868347,0.5573492050170898,0.5629380941390991
Norway,NOR,Europe & Central Asia,High income,0.9974570274353027,13.670827865600586,513.5878295898438,11.23387336730957,-,0.9446014165878296,0.7641687393188477,0.7710511684417725,0.7782204747200012
Oman,OMN,Middle East & North Africa,High income,0.9885821342468262,12.757845878601074,423.513427734375,8.644990921020508,-,0.911910355091095,0.5951722860336304,0.6081162691116333,0.6207044124603271
Pakistan,PAK,South Asia,Lower middle income,0.9306910634040833,9.373867988586426,338.65655517578125,5.079235076904297,0.6237040758132935,0.8453097343444824,0.39175963401794434,0.4060700237751007,0.41944947838783264
Palau,PLW,East Asia & Pacific,High income,0.9820764064788818,11.72822380065918,463.2114562988281,8.692235946655273,-,0.8650000095367432,0.5673240423202515,0.5881134867668152,0.6051538586616516
Panama,PAN,Latin America & Caribbean,High income,0.9847291111946106,10.748002052307129,376.86468505859375,6.480867385864258,-,0.8881295323371887,0.48944056034088135,0.5016019940376282,0.5109676718711853
Papua New Guinea,PNG,East Asia & Pacific,Lower middle income,0.952191174030304,10.319647789001465,363.32061767578125,5.998945713043213,0.5054570436477661,0.7823540568351746,0.41304484009742737,0.42918500304222107,0.444256067276001
Paraguay,PRY,Latin America & Caribbean,Upper middle income,0.9798471927642822,11.309476852416992,385.5442810058594,6.9764862060546875,0.9440251588821411,0.8579280972480774,0.5095416307449341,0.5281800627708435,0.5417889952659607
Peru,PER,Latin America & Caribbean,Upper middle income,0.9856920838356018,12.9995756149292,415.0254211425781,8.632246971130371,0.8783252239227295,0.8857889175415039,0.5931746363639832,0.6051926612854004,0.6161668300628662
Philippines,PHL,East Asia & Pacific,Lower middle income,0.9716281294822693,12.948321342468262,361.64599609375,7.492333889007568,0.6970000267028809,0.8168311715126038,0.5006224513053894,0.5159621238708496,0.5306685566902161
Poland,POL,Europe & Central Asia,High income,0.9955512881278992,13.41077995300293,530.0858154296875,11.37418270111084,-,0.8942272663116455,0.7430429458618164,0.7530885934829712,0.7628636956214905
Portugal,PRT,Europe & Central Asia,High income,0.996253490447998,13.900837898254395,508.514892578125,11.310052871704102,-,0.9329342246055603,0.7594370245933533,0.768949568271637,0.7777990698814392
Qatar,QAT,Middle East & North Africa,High income,0.9931663870811462,12.834320068359375,427.47784423828125,8.778220176696777,-,0.9614344239234924,0.6321608424186707,0.6377716064453125,0.6430392861366272
Romania,ROU,Europe & Central Asia,High income,0.9927167296409607,11.829931259155273,442.1617431640625,8.369189262390137,-,0.8778219223022461,0.5726143717765808,0.5841878652572632,0.5962278842926025
Russian Federation,RUS,Europe & Central Asia,Upper middle income,0.9928237199783325,13.689791679382324,497.5462341308594,10.898086547851562,-,0.8035820126533508,0.6729212403297424,0.6814196109771729,0.6898036003112793
Rwanda,RWA,Sub-Saharan Africa,Low income,0.9647311568260193,6.852043151855469,358.083984375,3.9257712364196777,0.617464005947113,0.8143815398216248,0.36368390917778015,0.3795527517795563,0.3915553689002991
Samoa,WSM,East Asia & Pacific,Upper middle income,0.9842296242713928,12.241507530212402,369.90789794921875,7.245168685913086,0.9508137702941895,0.8900144100189209,0.5353357791900635,0.5484216809272766,0.5601035356521606
Saudi Arabia,SAU,Middle East & North Africa,High income,0.9929436445236206,12.357129096984863,398.96893310546875,7.888177394866943,-,0.9158353805541992,0.5649206638336182,0.5763905048370361,0.5869445204734802
Senegal,SEN,Sub-Saharan Africa,Lower middle income,0.9563721418380737,7.331605911254883,412.453857421875,4.838318824768066,0.8116723299026489,0.8252508044242859,0.4037879705429077,0.4201107919216156,0.4349721372127533
Serbia,SRB,Europe & Central Asia,Upper middle income,0.9944517016410828,13.32458782196045,457.4534912109375,9.752607345581055,0.9401782751083374,0.892961323261261,0.6651178598403931,0.6766063570976257,0.6871330738067627
Seychelles,SYC,Sub-Saharan Africa,High income,0.9855478405952454,13.084346771240234,463.37933349609375,9.700824737548828,-,0.8481274843215942,0.6092914342880249,0.632779061794281,0.6568909287452698
Sierra Leone,SLE,Sub-Saharan Africa,Low income,0.8949325680732727,9.605646133422852,315.8759460449219,4.854707717895508,0.7050000429153442,0.6311577558517456,0.34519633650779724,0.3627021014690399,0.37923097610473633
Singapore,SGP,East Asia & Pacific,High income,0.9971912503242493,13.920900344848633,575.2721557617188,12.813289642333984,-,0.9523930549621582,0.8716762065887451,0.879125714302063,0.8862676024436951
Slovak Republic,SVK,Europe & Central Asia,High income,0.9944140911102295,12.619479179382324,485.3500061035156,9.799782752990723,-,0.8983327746391296,0.6571218371391296,0.664987325668335,0.6725120544433594
Slovenia,SVN,Europe & Central Asia,High income,0.9978567361831665,13.645763397216797,520.8090209960938,11.370939254760742,-,0.9349897503852844,0.7687781453132629,0.774986982345581,0.7809458374977112
Solomon Islands,SLB,East Asia & Pacific,Lower middle income,0.9800282716751099,8.336051940917969,350.51861572265625,4.675106048583984,0.6831454038619995,0.8569363951683044,0.40877866744995117,0.41987261176109314,0.43002885580062866
South Africa,ZAF,Sub-Saharan Africa,Upper middle income,0.9661991000175476,10.217315673828125,342.76397705078125,5.6034040451049805,0.7257871627807617,0.6907526254653931,0.4136545658111572,0.42545339465141296,0.43670666217803955
South Sudan,SSD,Sub-Saharan Africa,Low income,0.9014247059822083,4.677145957946777,335.5874328613281,2.5113463401794434,0.6871743202209473,0.677222728729248,0.26735299825668335,0.30652084946632385,0.33447498083114624
Spain,ESP,Europe & Central Asia,High income,0.9969655275344849,12.97159481048584,506.6211853027344,10.51469612121582,-,0.946016252040863,0.7228739857673645,0.728255033493042,0.7338879704475403
Sri Lanka,LKA,South Asia,Lower middle income,0.9925600290298462,13.222162246704102,400.0,8.462183952331543,0.8270000219345093,0.8984954953193665,0.5922772884368896,0.5983242988586426,0.6042023301124573
St. Kitts and Nevis,KNA,Latin America & Caribbean,High income,0.9880211353302002,12.952640533447266,409.074462890625,8.477750778198242,-,0.8769999742507935,0.5730511546134949,0.586181640625,0.5984642505645752
St. Lucia,LCA,Latin America & Caribbean,Upper middle income,0.9833810329437256,12.687183380126953,417.7606506347656,8.480329513549805,0.9751468896865845,0.8654462695121765,0.5877171754837036,0.6025647521018982,0.6154422163963318
St. Vincent and the Grenadines,VCT,Latin America & Caribbean,Upper middle income,0.9836167097091675,12.312969207763672,391.3927001953125,7.710730075836182,-,0.8331308364868164,0.5219604969024658,0.5333418250083923,0.5446719527244568
Sudan,SDN,Sub-Saharan Africa,Low income,0.9395265579223633,7.081560134887695,379.6336669921875,4.301437854766846,0.6175645589828491,0.7863007187843323,0.36208176612854004,0.37744519114494324,0.39090895652770996
Sweden,SWE,Europe & Central Asia,High income,0.9972904920578003,13.93642520904541,519.3617553710938,11.5808744430542,-,0.9498761892318726,0.7853231430053711,0.7953571081161499,0.8050231337547302
Switzerland,CHE,Europe & Central Asia,High income,0.9958769083023071,13.2655611038208,515.1390380859375,10.933773040771484,-,0.9538422226905823,0.7467938661575317,0.7561151385307312,0.7658698558807373
Tajikistan,TJK,Europe & Central Asia,Low income,0.9652249813079834,10.858412742614746,390.5655517578125,6.78547477722168,0.824897289276123,0.8712341785430908,0.4806603789329529,0.5041163563728333,0.5253580212593079
Tanzania,TZA,Sub-Saharan Africa,Lower middle income,0.9469714164733887,7.215487003326416,388.48016357421875,4.484917640686035,0.6820000410079956,0.7818679213523865,0.3770673871040344,0.3898347020149231,0.40076375007629395
Thailand,THA,East Asia & Pacific,Upper middle income,0.9908960461616516,12.721358299255371,426.5999755859375,8.683090209960938,0.8948456048965454,0.8691962957382202,0.5978197455406189,0.6093109846115112,0.6204373836517334
Timor-Leste,TLS,East Asia & Pacific,Lower middle income,0.9542170763015747,10.588351249694824,371.4412536621094,6.292720794677734,0.5440000295639038,0.8576937913894653,0.43153291940689087,0.45431452989578247,0.4721698760986328
Togo,TGO,Sub-Saharan Africa,Low income,0.9302325248718262,9.72840404510498,383.7178039550781,5.972738742828369,0.7619999647140503,0.7430624961853027,0.40965357422828674,0.4318680465221405,0.4524628818035126
Tonga,TON,East Asia & Pacific,Upper middle income,0.9843727946281433,11.562516212463379,385.956787109375,7.1402106285095215,0.9190000295639038,0.8339863419532776,0.5143275260925293,0.5311206579208374,0.5450811982154846
Trinidad and Tobago,TTO,Latin America & Caribbean,High income,0.9817005395889282,12.43185043334961,458.2889404296875,9.11580753326416,-,0.8532088994979858,0.5742399096488953,0.6034877300262451,0.6240528225898743
Tunisia,TUN,Middle East & North Africa,Lower middle income,0.9830079078674316,10.56757926940918,384.0787353515625,6.494051933288574,0.9159203767776489,0.9145627021789551,0.5081554651260376,0.5168099403381348,0.5248604416847229
Turkey,TUR,Europe & Central Asia,Upper middle income,0.9893950819969177,12.066183090209961,477.962646484375,9.227495193481445,0.9399999976158142,0.9109886884689331,0.6405027508735657,0.6492618322372437,0.6579443216323853
Tuvalu,TUV,East Asia & Pacific,Upper middle income,0.9756194949150085,10.81857681274414,346.4979553222656,5.997783660888672,-,0.7870000004768372,0.42813828587532043,0.4475771188735962,0.46370619535446167
Uganda,UGA,Sub-Saharan Africa,Low income,0.953565239906311,6.823250770568848,397.15966796875,4.335872173309326,0.7108280658721924,0.7370315194129944,0.3712354898452759,0.3841765820980072,0.39628833532333374
Ukraine,UKR,Europe & Central Asia,Lower middle income,0.9912653565406799,12.9065580368042,478.17333984375,9.874515533447266,-,0.8146073222160339,0.6204190850257874,0.6313871145248413,0.6425554156303406
United Arab Emirates,ARE,Middle East & North Africa,High income,0.9924111366271973,13.455805778503418,448.0406799316406,9.645997047424316,-,0.9386425018310547,0.6617884039878845,0.6730118989944458,0.6836580038070679
United Kingdom,GBR,Europe & Central Asia,High income,0.9957420825958252,13.858296394348145,520.3564453125,11.538005828857422,-,0.9334116578102112,0.7749444842338562,0.7829429507255554,0.7912425398826599
United States,USA,North America,High income,0.9934672713279724,12.891751289367676,511.7986755371094,10.556770324707031,-,0.8894835114479065,0.692523181438446,0.7017643451690674,0.7108814120292664
Uruguay,URY,Latin America & Caribbean,High income,0.9924198985099792,12.210515975952148,437.6966247558594,8.551202774047852,-,0.8937175273895264,0.589142382144928,0.5987602472305298,0.6080743670463562
Uzbekistan,UZB,Europe & Central Asia,Lower middle income,0.9785535931587219,12.04102897644043,474.07513427734375,9.133363723754883,0.8915241956710815,0.8661142587661743,0.6042977571487427,0.6228057146072388,0.640962541103363
Vanuatu,VUT,East Asia & Pacific,Lower middle income,0.9735555052757263,10.110166549682617,347.6858215332031,5.624258518218994,0.7110419869422913,0.8736411333084106,0.43555381894111633,0.45465853810310364,0.4704127907752991
Vietnam,VNM,East Asia & Pacific,Lower middle income,0.9793170094490051,12.859439849853516,519.1002807617188,10.6805419921875,0.7619999647140503,0.8670669198036194,0.671133279800415,0.6899645328521729,0.708236813545227
West Bank and Gaza,PSE,Middle East & North Africa,Lower middle income,0.979734480381012,12.198254585266113,412.3177490234375,8.047290802001953,0.9260404109954834,0.8921018242835999,0.5671819448471069,0.579996645450592,0.5910901427268982
"Yemen, Rep.",YEM,Middle East & North Africa,Low income,0.9450413584709167,8.127937316894531,321.3270263671875,4.1787614822387695,0.5359053015708923,0.8037521243095398,0.35285013914108276,0.37278440594673157,0.38825079798698425
Zambia,ZMB,Sub-Saharan Africa,Lower middle income,0.9421582818031311,8.788963317871094,358.14044189453125,5.036293029785156,0.654127299785614,0.732387900352478,0.3813837766647339,0.39692753553390503,0.4103184640407562
Zimbabwe,ZWE,Sub-Saharan Africa,Lower middle income,0.953772246837616,11.054536819458008,396.1388244628906,7.00661039352417,0.7650302648544312,0.6503993272781372,0.4444805979728699,0.46689310669898987,0.48825860023498535
