countrycode,country_name,kg_kp_ratio,kg_k_share,kg_kp_fad,kg_k_fad,iei,pimi,efficiency_pimi,ig_i_20yr,ig_i_15yr,ig_i_10yr,ig_i_5yr,ig_i_current,ip_y,i_y,ig_y
PER,Peru,0.34043458104133606,0.2539733052253723,0.3649944067001343,0.2673962712287903,0.7092998623847961,0.6524999737739563,,0.20043471455574036,0.20530088245868683,0.21204873919487,0.2088623046875,0.20369957387447357,0.0,0.20778600917444512,0.0
countrycode,country,,,,,,,,,,,,,,,
AFG,Afghanistan,3.8393144607543945,0.7933591604232788,0.8174363970756531,0.4497744143009186,0.6186082363128662,0.5249999761581421,,0.7246788740158081,0.7232668399810791,0.7008487582206726,0.6885266304016113,0.671035647392273,,,
ALB,Albania,0.37197351455688477,0.2711229622364044,0.41119274497032166,0.29137957096099854,0.6406762003898621,0.4099999964237213,,0.2084474116563797,0.21887527406215668,0.21794411540031433,0.2235652059316635,0.23592884838581085,,0.2338680570287017,
DZA,Algeria,0.8165313005447388,0.44950026273727417,1.07683265209198,0.5184975266456604,0.7837679982185364,0.4670659899711609,,0.42714691162109375,0.4332755208015442,0.3802111744880676,0.3565782308578491,0.360088050365448,,,
ASM,American Samoa,0.30219972133636475,0.2320682406425476,0.32298409938812256,0.24413134157657623,0.8708469867706299,0.29750001430511475,,,,,,0.16820192337036133,,,
AND,Andorra,0.30219972133636475,0.2320682406425476,0.32298409938812256,0.24413134157657623,0.8708469867706299,0.29750001430511475,,,,,,0.16820192337036133,,,
AGO,Angola,0.5574764609336853,0.35793572664260864,0.4895707368850708,0.3286656439304352,0.688909649848938,0.45659735798835754,,0.28306469321250916,0.3209312856197357,0.2998565137386322,0.20215441286563873,0.17551489174365997,0.21825147888535984,0.25001570059203393,0.03176422044634819
ATG,Antigua and Barbuda,0.4775960147380829,0.3232250213623047,0.21926280856132507,0.17983227968215942,0.8708469867706299,1.0,,0.27078819274902344,0.26708555221557617,0.2596803307533264,0.16201646625995636,0.05973862484097481,,,
ARG,Argentina,0.29129305481910706,0.22558245062828064,0.2657678425312042,0.20996570587158203,0.7212674617767334,0.511349618434906,,0.18627168238162994,0.21141760051250458,0.22000907361507416,0.22395847737789154,0.19539518654346466,,0.15836750277118447,
ARM,Armenia,0.2961491048336029,0.22848382592201233,0.3848140835762024,0.2778814136981964,0.7713719606399536,0.5975000262260437,,0.15918965637683868,0.14393548667430878,0.15426918864250183,0.17480479180812836,0.18581540882587433,,0.21692702792594715,
ABW,Aruba,0.30219972133636475,0.2320682406425476,0.32298409938812256,0.24413134157657623,0.8708469867706299,0.29750001430511475,,,,,,0.16820192337036133,,,
AUS,Australia,0.1905815750360489,0.1600743532180786,0.3323291838169098,0.24943473935127258,0.8092377185821533,1.0,,0.1255304366350174,0.12893374264240265,0.13713125884532928,0.14632737636566162,0.16820192337036133,0.20255445980950057,0.24267068862881497,0.04011622816324234
AUT,Austria,0.23397421836853027,0.1896102875471115,0.24768133461475372,0.19851329922676086,0.8708469867706299,1.0,,0.125509575009346,0.1328531950712204,0.1319119781255722,0.12828759849071503,0.12277146428823471,,0.24332715824957987,
AZE,Azerbaijan,1.1928250789642334,0.5439673066139221,0.4353678822517395,0.3031167984008789,0.7589758634567261,0.3824999928474426,,0.4278114438056946,0.550825834274292,0.6171673536300659,0.5130464434623718,0.5759999752044678,,0.1679690035381559,
BHS,"Bahamas, The",0.07903051376342773,0.07324215024709702,0.08754540234804153,0.08049815893173218,0.8708469867706299,1.0,,0.057522594928741455,0.06556110084056854,0.07513318210840225,0.08120916783809662,0.06115959957242012,,0.2574970946389773,
BHR,Bahrain,0.34573423862457275,0.2569112181663513,0.3942887485027313,0.2827884554862976,0.9024311900138855,1.0,,0.2113688737154007,0.18955522775650024,0.18668991327285767,0.15581819415092468,0.14391855895519257,,,
BGD,Bangladesh,0.35492417216300964,0.2619513273239136,0.3535204827785492,0.2611859142780304,0.7086726427078247,0.5099999904632568,,0.22395500540733337,0.2143702208995819,0.2250129133462906,0.24267318844795227,0.2542603015899658,0.2395649674005012,0.3070049063820849,0.06743993610143661
BRB,Barbados,0.37225547432899475,0.2712727189064026,1.1826740503311157,0.5418463945388794,0.8708469867706299,0.29750001430511475,,0.19276179373264313,0.16005012392997742,0.13048771023750305,0.1489270180463791,0.1418900489807129,,,
BLR,Belarus,0.3921378552913666,0.28159332275390625,0.4353678822517395,0.3031167984008789,0.8869986534118652,0.5149999856948853,,0.12357197701931,0.12904223799705505,0.10533568263053894,,0.21673117578029633,,0.2380017908501185,
BEL,Belgium,0.16924355924129486,0.14474619925022125,0.23332391679286957,0.18918299674987793,0.9059171676635742,1.0,,0.09964841604232788,0.10027842223644257,0.1059991791844368,0.10701654851436615,0.10865660756826401,,0.24398099038101814,
BLZ,Belize,0.6495456099510193,0.3937724530696869,0.8194946050643921,0.4503968358039856,0.7713719606399536,0.06750000268220901,,0.3345034718513489,0.2807198762893677,0.31246352195739746,0.29177653789520264,0.2909383773803711,,,
BEN,Benin,0.5798448920249939,0.3670264482498169,0.662496030330658,0.39849480986595154,0.4566204249858856,0.38999998569488525,,0.24822768568992615,0.24578024446964264,0.22433635592460632,0.2294510304927826,0.1556520015001297,0.2811629138869483,0.3466555094081791,0.06549260020256042
BMU,Bermuda,0.30219972133636475,0.2320682406425476,0.32298409938812256,0.24413134157657623,0.8708469867706299,0.29750001430511475,,,,,,0.16820192337036133,,0.11283713057615645,
BTN,Bhutan,0.41453269124031067,0.2930527627468109,0.41009625792503357,0.29082855582237244,0.688909649848938,0.39125001430511475,,0.2391609251499176,0.23794424533843994,0.2221480906009674,0.2166576385498047,0.2235756367444992,,,
BOL,Bolivia,1.3457765579223633,0.5737019181251526,1.6913410425186157,0.6284379959106445,0.7030819058418274,0.6100000143051147,,0.5332954525947571,0.5781276226043701,0.5846914052963257,0.5925330519676208,0.51713627576828,,,
BIH,Bosnia and Herzegovina,0.5285881161689758,0.34580153226852417,0.7004559636116028,0.4119224548339844,0.8636134266853333,0.4695824384689331,,0.29754194617271423,0.2681021988391876,0.2398579716682434,0.17383059859275818,0.1620367467403412,,,
BWA,Botswana,0.528976559638977,0.34596773982048035,0.6224275231361389,0.3836396336555481,0.7713719606399536,0.5874999761581421,,0.3222889006137848,0.30142709612846375,0.27167242765426636,0.2617551386356354,0.22644510865211487,,0.2849303449489909,
BRA,Brazil,0.4196368455886841,0.2955944836139679,0.19284535944461823,0.16166836023330688,0.6687687635421753,0.7799999713897705,,0.21544843912124634,0.20981042087078094,0.19312003254890442,0.16151107847690582,0.13445325195789337,,0.1703290636789027,
VGB,British Virgin Islands,0.30219972133636475,0.2320682406425476,0.32298409938812256,0.24413134157657623,0.8708469867706299,0.29750001430511475,,,,,,0.16820192337036133,,,
BRN,Brunei Darussalam,0.32759758830070496,0.24675969779491425,0.32298409938812256,0.24413134157657623,0.8708469867706299,0.29750001430511475,,0.20293712615966797,0.19418001174926758,0.176665797829628,0.12412311881780624,0.05147009715437889,0.2724224899688032,0.2815987341143213,0.009176244027912617
BGR,Bulgaria,0.2732006013393402,0.2145778238773346,0.40016844868659973,0.2858002185821533,0.8717163801193237,0.4867648780345917,,0.18274739384651184,0.18102425336837769,0.18895837664604187,0.18428492546081543,0.17979976534843445,,0.17934884346033145,
BFA,Burkina Faso,0.6558326482772827,0.39607423543930054,0.8541303277015686,0.4606635868549347,0.6186082363128662,0.5224999785423279,,0.3678017556667328,0.33585432171821594,0.30173930525779724,0.2801133990287781,0.2555886507034302,,0.16495629845885923,
BDI,Burundi,0.649274468421936,0.39367279410362244,0.8174363970756531,0.4497744143009186,0.6186082363128662,0.23000000417232513,,0.3753834366798401,0.42003846168518066,0.3831368684768677,0.2575733959674835,0.2702248990535736,,,
CPV,Cabo Verde,0.36441266536712646,0.26708391308784485,0.45954298973083496,0.3148540258407593,0.7713719606399536,0.45276695489883423,,0.24351942539215088,0.22435042262077332,0.20328277349472046,0.12202053517103195,0.10414111614227295,,,
KHM,Cambodia,0.5727624893188477,0.36417609453201294,0.7304098606109619,0.4221022427082062,0.6719135046005249,0.39250001311302185,,0.34892842173576355,0.3457658290863037,0.3517094850540161,0.20086923241615295,0.19247211515903473,,0.3158534979277247,
CMR,Cameroon,0.37409040331840515,0.272245854139328,0.3670763373374939,0.26851195096969604,0.688909649848938,0.39764204621315,,0.17029651999473572,0.1964786946773529,0.2210002839565277,0.24966251850128174,0.22622084617614746,0.17949720713193704,0.2137941142347715,0.0342969074845314
CAN,Canada,0.27302858233451843,0.21447168290615082,0.2681877017021179,0.21147318184375763,0.8708469867706299,1.0,,0.16622446477413177,0.16923385858535767,0.16944876313209534,0.16794295608997345,0.17537079751491547,,0.22661075852649099,
CYM,Cayman Islands,0.30219972133636475,0.2320682406425476,0.32298409938812256,0.24413134157657623,0.8708469867706299,0.29750001430511475,,,,,,0.16820192337036133,,,
CAF,Central African Republic,1.5663563013076782,0.6103425025939941,1.6573126316070557,0.6236799359321594,0.6186082363128662,0.34838199615478516,,0.38852110505104065,0.3736479580402374,0.3501816987991333,0.3398667871952057,0.3832941949367523,,0.15408963363649375,
TCD,Chad,0.4623413681983948,0.31616514921188354,0.8174363970756531,0.4497744143009186,0.6186082363128662,0.25,,0.2688082754611969,0.27352187037467957,0.2662074863910675,0.19061020016670227,0.19049091637134552,0.017909108105460158,0.14393803277662537,0.12602892518043518
CHI,Channel Islands,0.30219972133636475,0.2320682406425476,0.32298409938812256,0.24413134157657623,0.8708469867706299,0.29750001430511475,,,,,,0.16820192337036133,,,
CHL,Chile,0.16617926955223083,0.1424989104270935,0.16091454029083252,0.13861015439033508,0.7343809604644775,1.0,,0.11739178001880646,0.11472367495298386,0.11219491064548492,0.10977718979120255,0.10023073107004166,,0.23489351298166958,
CHN,China,0.8765276670455933,0.4671008586883545,1.033219575881958,0.5081691741943359,0.8418564200401306,0.45320335030555725,,0.4793747663497925,0.41510432958602905,0.3757691979408264,0.36612868309020996,0.3646436333656311,,,
COL,Colombia,0.2163630872964859,0.17787706851959229,0.6530268788337708,0.39504915475845337,0.7713719606399536,0.7674999833106995,,0.1478520631790161,0.1458273082971573,0.1562519520521164,0.1580798178911209,0.16364546120166779,,0.1651875716140412,
COM,Comoros,0.2279074341058731,0.18560637533664703,1.8041744232177734,0.6433888077735901,0.688909649848938,0.37789109349250793,,0.20830678939819336,0.23813551664352417,0.283872127532959,0.3733212947845459,0.39335131645202637,,0.1173394169360855,
COD,"Congo, Dem. Rep.",0.21562792360782623,0.17737987637519836,0.21730834245681763,0.1785154491662979,0.5419837236404419,0.327118843793869,,0.19300298392772675,0.22889599204063416,0.20311474800109863,0.20452101528644562,0.1730903834104538,0.25436623668241154,0.32939613717989,0.0750299021601677
COG,"Congo, Rep.",0.35226544737815857,0.2605002224445343,0.8793039917945862,0.46788811683654785,0.688909649848938,0.125,,0.25008344650268555,0.2375163584947586,0.2407260537147522,0.2387782633304596,0.2393243908882141,,0.2653933945958234,
CRI,Costa Rica,0.18673236668109894,0.15735001862049103,0.21337741613388062,0.17585411667823792,0.7205625772476196,0.4970403015613556,,0.13121584057807922,0.12782754004001617,0.13714198768138885,0.14491619169712067,0.17412665486335754,,0.15825523977808517,
HRV,Croatia,0.45611441135406494,0.31324076652526855,0.5339806079864502,0.34810125827789307,0.899700939655304,1.0,,0.2209114134311676,0.19574372470378876,0.17874008417129517,0.1701073944568634,0.2053087204694748,,0.23663313389505317,
CUB,Cuba,0.3921378552913666,0.28159332275390625,0.4353678822517395,0.3031167984008789,0.7713719606399536,0.48249998688697815,,,,,,0.21673117578029633,,,
CUW,Curaçao,0.30219972133636475,0.2320682406425476,0.32298409938812256,0.24413134157657623,0.8708469867706299,0.29750001430511475,,,,,,0.16820192337036133,,,
CYP,Cyprus,0.30219972133636475,0.2320682406425476,0.32298409938812256,0.24413134157657623,0.8712047934532166,1.0,,0.16589877009391785,0.16038255393505096,0.17158150672912598,0.1478121429681778,0.16820192337036133,,0.20517198727491617,
CZE,Czechia,0.25934547185897827,0.2059367150068283,0.28436079621315,0.2214025855064392,0.8708469867706299,1.0,,0.16873526573181152,0.1678231954574585,0.16001082956790924,0.1563708633184433,0.16723808646202087,,0.2616643649417607,
CIV,Côte d’Ivoire,0.38913241028785706,0.2801262140274048,0.7981619834899902,0.44387659430503845,0.679297149181366,0.4675000011920929,,0.20252417027950287,0.2139214724302292,0.23163646459579468,0.24771401286125183,0.2599565386772156,0.16122507660781163,0.24482465992700686,0.08359958976507187
DNK,Denmark,0.3511883318424225,0.2599107325077057,0.32298409938812256,0.24413134157657623,0.9702854752540588,1.0,,0.16105157136917114,0.16452006995677948,0.176840677857399,0.16298790276050568,0.1492895781993866,,0.22209728326269557,
DJI,Djibouti,0.8051954507827759,0.44604334235191345,0.4784809350967407,0.32361602783203125,0.688909649848938,0.39125001430511475,,0.5034868121147156,0.4206787347793579,0.4194221496582031,0.30913498997688293,0.34236177802085876,0.19698490107446878,0.26303220684354234,0.066047303378582
DMA,Dominica,2.4286868572235107,0.7083431482315063,2.376392364501953,0.7038258910179138,0.7713719606399536,0.4860769808292389,,0.6537892818450928,0.6857542991638184,0.7501928210258484,0.6939724683761597,0.7336322069168091,,,
DOM,Dominican Republic,0.22342416644096375,0.1826220005750656,0.28578466176986694,0.22226479649543762,0.7713719606399536,0.4735589325428009,,0.1531156599521637,0.13198386132717133,0.11525935679674149,0.07110681384801865,0.05620521679520607,,0.26121092162213416,
ECU,Ecuador,0.7820377945899963,0.4388446807861328,0.8832338452339172,0.4689984917640686,0.6658869981765747,0.46773722767829895,,0.3732739984989166,0.39970099925994873,0.44494038820266724,0.3917529881000519,0.26400071382522583,,0.1841014866343077,
EGY,"Egypt, Arab Rep.",1.218172311782837,0.549178421497345,0.41374561190605164,0.2926591634750366,0.8803142309188843,0.35749998688697815,,0.45100265741348267,0.40925636887550354,0.43897202610969543,0.48607388138771057,0.4898039996623993,0.05038159658884931,0.11698137907620425,0.0665997862815857
SLV,El Salvador,0.33121898770332336,0.24880878627300262,0.4010792076587677,0.28626447916030884,0.7890307903289795,0.4424999952316284,,0.15777587890625,0.1482069343328476,0.14462554454803467,0.15269087255001068,0.1385939121246338,0.1937618478855907,0.22188290330315655,0.02812105603516102
GNQ,Equatorial Guinea,1.8283439874649048,0.6464362144470215,2.4993667602539062,0.7142339944839478,0.7713719606399536,1.0,,0.5836578607559204,0.6495530009269714,0.7039291262626648,0.748203694820404,0.549369752407074,0.04331421622046732,0.09071813094584429,0.047403912991285324
ERI,Eritrea,4.950874328613281,0.8319574594497681,0.8174363970756531,0.4497744143009186,0.6186082363128662,0.35495561361312866,,0.7762983441352844,0.7797097563743591,0.7220591306686401,0.6213292479515076,0.5041329860687256,,,
EST,Estonia,0.30768829584121704,0.23529177904129028,0.3121159076690674,0.23787221312522888,0.8708469867706299,1.0,,0.19028134644031525,0.19876083731651306,0.20650504529476166,0.2067592740058899,0.18885919451713562,,0.26106113552668636,
SWZ,Eswatini,0.869339108467102,0.4650515913963318,1.1467787027359009,0.5341858267784119,0.688909649848938,0.27000001072883606,,0.4342533349990845,0.4848692715167999,0.4851391911506653,0.5154231190681458,0.36836379766464233,,,
ETH,Ethiopia,0.9087212085723877,0.4760890007019043,1.0939326286315918,0.5224297046661377,0.59770667552948,0.4124999940395355,,0.5134465098381042,0.5121810436248779,0.4554763436317444,0.3667798936367035,0.3179771304130554,0.1475898152651369,0.20498585453207605,0.05739603936672211
FRO,Faroe Islands,0.30219972133636475,0.2320682406425476,0.32298409938812256,0.24413134157657623,0.8708469867706299,0.29750001430511475,,,,,,0.16820192337036133,,,
FJI,Fiji,0.37681639194488525,0.2736867368221283,0.9755079746246338,0.493801087141037,0.7713719606399536,0.48249998688697815,,0.21800166368484497,0.22115188837051392,0.24410274624824524,0.28034040331840515,0.22474358975887299,,,
FIN,Finland,0.3008918762207031,0.2312966138124466,0.3082796335220337,0.23563741147518158,0.8708469867706299,1.0,,0.17178809642791748,0.17089395225048065,0.17740240693092346,0.17817483842372894,0.18095912039279938,,0.21460931718499,
FRA,France,0.31494998931884766,0.2395148128271103,0.3313969373703003,0.24890920519828796,0.8708469867706299,1.0,,0.1750093251466751,0.17104403674602509,0.16613203287124634,0.15365707874298096,0.15390120446681976,,0.22320927162682097,
PYF,French Polynesia,0.30219972133636475,0.2320682406425476,0.32298409938812256,0.24413134157657623,0.8708469867706299,0.29750001430511475,,,,,,0.16820192337036133,,,
GAB,Gabon,0.40869638323783875,0.2901238203048706,0.49986958503723145,0.33327537775039673,0.6603193283081055,0.23999999463558197,,0.1886049062013626,0.20731186866760254,0.2253914773464203,0.10193146020174026,0.09050654619932175,0.15593264007120272,0.18116326577086025,0.02523062378168106
GMB,"Gambia, The",0.7922703623771667,0.44204846024513245,0.8174363970756531,0.4497744143009186,0.6186082363128662,0.22750000655651093,,0.38259804248809814,0.36818042397499084,0.39050960540771484,0.40031927824020386,0.4589250683784485,0.21074524934532987,0.38985186841123515,0.17910662293434143
GEO,Georgia,0.6068536043167114,0.37766575813293457,0.2680424451828003,0.21138286590576172,0.8055390119552612,0.43891170620918274,,0.23894275724887848,0.29286184906959534,0.27417054772377014,0.23490044474601746,0.3011542558670044,,0.22049348003019098,
DEU,Germany,0.20639102160930634,0.17108136415481567,0.2237556278705597,0.1828433871269226,0.8708469867706299,1.0,,0.10955983400344849,0.10972803831100464,0.11049626767635345,0.10937260836362839,0.11212319135665894,,0.2085704463841905,
GHA,Ghana,0.18261651694774628,0.15441736578941345,0.17824789881706238,0.1512821763753891,0.6286807656288147,0.4675000011920929,,0.1258178949356079,0.12904314696788788,0.1268138587474823,0.10981359332799911,0.08987873792648315,,0.09796417459118104,
GIB,Gibraltar,0.30219972133636475,0.2320682406425476,0.32298409938812256,0.24413134157657623,0.8708469867706299,0.29750001430511475,,,,,,0.16820192337036133,,,
GRC,Greece,0.44570115208625793,0.3082941174507141,0.24758221209049225,0.19844961166381836,0.8708469867706299,1.0,,0.2579616606235504,0.269224613904953,0.2888827621936798,0.3218230605125427,0.23865880072116852,,0.15275177920484642,
GRL,Greenland,0.30219972133636475,0.2320682406425476,0.32298409938812256,0.24413134157657623,0.8708469867706299,0.29750001430511475,,,,,,0.16820192337036133,,,
GRD,Grenada,0.5001595616340637,0.3334042429924011,0.7067633867263794,0.4140956997871399,0.7713719606399536,0.48249998688697815,,0.2768206298351288,0.2742374539375305,0.26907113194465637,0.20966455340385437,0.12957990169525146,,,
GUM,Guam,0.30219972133636475,0.2320682406425476,0.32298409938812256,0.24413134157657623,0.8708469867706299,0.29750001430511475,,,,,,0.16820192337036133,,,
GTM,Guatemala,0.27066177129745483,0.21300852298736572,0.33346956968307495,0.25007662177085876,0.7713719606399536,0.4441532790660858,,0.1525462567806244,0.13865135610103607,0.12018666416406631,0.08841767907142639,0.10688698291778564,0.15029568622880535,0.1611382964264114,0.010842610150575638
GIN,Guinea,0.6925472617149353,0.4091745615005493,1.0582019090652466,0.5141390562057495,0.688909649848938,0.2824999988079071,,0.3501744866371155,0.3812192380428314,0.4752028286457062,0.3905757963657379,0.21061290800571442,,0.32130212937439856,
GNB,Guinea-Bissau,3.121829032897949,0.75738924741745,4.598345756530762,0.8213757872581482,0.6186082363128662,0.35455265641212463,,0.5638634562492371,0.5808654427528381,0.5975982546806335,0.6614930629730225,0.5509034395217896,,0.22831874870619331,
GUY,Guyana,1.444382905960083,0.5908988118171692,0.32298409938812256,0.24413134157657623,0.8708469867706299,0.4432256519794464,,0.5910878777503967,0.5729780793190002,0.5150516033172607,0.4805341064929962,0.5355339050292969,,,
HTI,Haiti,0.5688773393630981,0.36260151863098145,0.30014607310295105,0.23085565865039825,0.688909649848938,0.26750001311302185,,0.336681067943573,0.3832484185695648,0.3693520128726959,0.2702893912792206,0.13149087131023407,0.08778623056186313,0.09939361936566589,0.011607388034462929
HND,Honduras,0.37189021706581116,0.2710787057876587,0.3706134259700775,0.27039968967437744,0.6029811501502991,0.4292669892311096,,0.16226321458816528,0.14753152430057526,0.14560139179229736,0.14902378618717194,0.16190223395824432,0.2025002233953528,0.23926501080885643,0.03676478564739227
HKG,"Hong Kong SAR, China",0.31910911202430725,0.2419126033782959,0.30934464931488037,0.23625914752483368,0.8708469867706299,1.0,,0.19766630232334137,0.1971302479505539,0.22611960768699646,0.25249671936035156,0.2661818861961365,0.10035401400003083,0.1620973039600654,0.06174328923225403
HUN,Hungary,0.2870287001132965,0.22301656007766724,0.32298409938812256,0.24413134157657623,0.7610706686973572,0.5258157849311829,,0.18938393890857697,0.1976865530014038,0.2107924520969391,0.22280770540237427,0.22254864871501923,,0.23378509176325984,
ISL,Iceland,0.30127182602882385,0.23152105510234833,0.324952095746994,0.2452557235956192,0.8708469867706299,1.0,,0.1762574166059494,0.16386590898036957,0.16055604815483093,0.13855089247226715,0.15710462629795074,,0.26412419220002864,
IND,India,0.4038088023662567,0.28765228390693665,0.4852235019207001,0.3267006576061249,0.7296901941299438,0.39760565757751465,,0.244531512260437,0.23497430980205536,0.22499752044677734,0.22270527482032776,0.21779002249240875,,0.29607472773726634,
IDN,Indonesia,0.15383195877075195,0.13332267105579376,0.16598869860172272,0.14235876500606537,0.8141405582427979,0.3675000071525574,,0.1117115467786789,0.10686840862035751,0.10379353910684586,0.1115066260099411,0.1112542599439621,,0.291455857193679,
IRN,"Iran, Islamic Rep.",0.31025078892707825,0.2367873340845108,0.293209969997406,0.2267303764820099,0.7713719606399536,0.4824882447719574,,0.1373046636581421,0.1388864815235138,0.11708194762468338,0.11848427355289459,0.06975778192281723,,0.26732630452391903,
IRQ,Iraq,1.8973959684371948,0.6548625230789185,2.4992475509643555,0.7142242789268494,0.7713719606399536,0.46371790766716003,,0.5998551249504089,0.5887566804885864,0.5798829197883606,0.520866334438324,0.48559433221817017,,0.20581530596084055,
IRL,Ireland,0.15853187441825867,0.13683860003948212,0.1962447166442871,0.1640506386756897,0.8708469867706299,1.0,,0.12674705684185028,0.11690616607666016,0.09591057896614075,0.05989966168999672,0.05043859779834747,,0.17191941948556558,
IMN,Isle of Man,0.30219972133636475,0.2320682406425476,0.32298409938812256,0.24413134157657623,0.8708469867706299,0.29750001430511475,,,,,,0.16820192337036133,,,
ISR,Israel,0.182991161942482,0.1546851396560669,0.22109690308570862,0.181064173579216,0.8708469867706299,1.0,,0.11642546206712723,0.1111261323094368,0.11420893669128418,0.12054524570703506,0.12320049852132797,,0.22690494387869023,
ITA,Italy,0.2559877634048462,0.20381389558315277,0.24605660140514374,0.19746823608875275,0.8708469867706299,1.0,,0.14271150529384613,0.1436808705329895,0.1380167156457901,0.12966081500053406,0.12735328078269958,,0.21963928535847577,
JAM,Jamaica,0.3921378552913666,0.28159332275390625,0.4353678822517395,0.3031167984008789,0.7713719606399536,0.4300000071525574,,,,,,0.21673117578029633,,,
JPN,Japan,0.5099055171012878,0.33770692348480225,0.5505155324935913,0.35505321621894836,0.8708469867706299,1.0,,0.23498478531837463,0.21769288182258606,0.21700704097747803,0.20891156792640686,0.2091347575187683,,,
JOR,Jordan,0.3657331168651581,0.2677925229072571,0.4617842435836792,0.31590452790260315,0.8897325396537781,0.5525000095367432,,0.22977140545845032,0.20476976037025452,0.19464537501335144,0.19997188448905945,0.2038390338420868,,,
KAZ,Kazakhstan,0.23317980766296387,0.18908825516700745,0.2437954992055893,0.1960093080997467,0.9054595232009888,0.5950000286102295,,0.17658202350139618,0.18314827978610992,0.17697913944721222,0.1459670066833496,0.11368100345134735,,,
KEN,Kenya,0.513522207736969,0.33928948640823364,0.47173839807510376,0.32053142786026,0.6554292440414429,0.3725000023841858,,0.26392289996147156,0.29359230399131775,0.3422224521636963,0.40078648924827576,0.4205514192581177,,0.17662400247377963,
KIR,Kiribati,0.43687862157821655,0.30404573678970337,0.4784809350967407,0.32361602783203125,0.688909649848938,0.39125001430511475,,,,,,0.2327726185321808,,,
PRK,"Korea, Dem. People's Rep.",0.7650962471961975,0.43332433700561523,0.8174363970756531,0.4497744143009186,0.6186082363128662,0.36000001430511475,,,,,,0.3479066491127014,,,
KOR,"Korea, Rep.",0.2591775357723236,0.20583081245422363,0.26741448044776917,0.21099214255809784,0.9150992631912231,1.0,,0.17206180095672607,0.16661706566810608,0.15734122693538666,0.15051764249801636,0.16794951260089874,,,
XKX,Kosovo,0.3921378552913666,0.28159332275390625,0.4353678822517395,0.3031167984008789,0.6731497049331665,0.4399999976158142,,,,,,0.21673117578029633,,,
KWT,Kuwait,0.5150504112243652,0.3399559557437897,0.609765887260437,0.3787916600704193,0.8708469867706299,1.0,,0.2548494338989258,0.2516472041606903,0.2758806049823761,0.24902716279029846,0.24157783389091492,,,
KGZ,Kyrgyz Republic,0.43687862157821655,0.30404573678970337,0.4784809350967407,0.32361602783203125,0.7710118889808655,0.35249999165534973,,,,,,0.2327726185321808,,,
LAO,Lao PDR,0.43687862157821655,0.30404573678970337,0.4784809350967407,0.32361602783203125,0.688909649848938,0.22499999403953552,,0.32059282064437866,0.30564501881599426,0.31600433588027954,0.2660138010978699,0.2327726185321808,,,
LVA,Latvia,0.27470800280570984,0.21550661325454712,0.22552785277366638,0.18402507901191711,0.8708469867706299,1.0,,0.17364944517612457,0.20230098068714142,0.22101542353630066,0.221687451004982,0.2262280285358429,,0.23101443410265537,
LBN,Lebanon,0.14554840326309204,0.12705564498901367,0.15440964698791504,0.1337563693523407,0.688909649848938,0.4916779398918152,,0.09700176119804382,0.07607816904783249,0.06722622364759445,0.07768835872411728,0.08068137615919113,,,
LSO,Lesotho,1.0051445960998535,0.5012828707695007,1.0264829397201538,0.506534218788147,0.688909649848938,0.47749999165534973,,0.4132620692253113,0.39180535078048706,0.4515410363674164,0.4538130462169647,0.49939480423927307,,,
LBR,Liberia,0.46373802423477173,0.31681764125823975,0.8174363970756531,0.4497744143009186,0.6186082363128662,0.3294347822666168,,0.23201888799667358,0.25045448541641235,0.3216312527656555,0.4246259033679962,0.35631510615348816,,,
LBY,Libya,0.3921378552913666,0.28159332275390625,0.4353678822517395,0.3031167984008789,0.7713719606399536,0.5181299448013306,,0.8352330327033997,0.8198984861373901,,,0.21673117578029633,,0.14837310888273766,
LIE,Liechtenstein,0.30219972133636475,0.2320682406425476,0.32298409938812256,0.24413134157657623,0.8708469867706299,0.29750001430511475,,,,,,0.16820192337036133,,,
LTU,Lithuania,0.2719433605670929,0.21380147337913513,0.2559128999710083,0.20376645028591156,0.7157849073410034,1.0,,0.18068741261959076,0.19544455409049988,0.196912944316864,0.15965038537979126,0.1441272646188736,,0.22500960690095537,
LUX,Luxembourg,0.34101077914237976,0.25429385900497437,0.385992169380188,0.278495192527771,0.8708469867706299,1.0,,0.21582713723182678,0.21528823673725128,0.21582992374897003,0.2225302904844284,0.23954328894615173,,0.1433667141139188,
MAC,"Macao SAR, China",0.30219972133636475,0.2320682406425476,0.23062965273857117,0.18740785121917725,0.8708469867706299,1.0,,0.1729949712753296,0.15437866747379303,0.17778530716896057,0.16496431827545166,0.21763789653778076,0.09147215321064976,0.1375702306391546,0.04609807953238487
MDG,Madagascar,0.7379221320152283,0.424600213766098,0.7290326952934265,0.4216419458389282,0.6186082363128662,0.49000000953674316,,0.2793080508708954,0.22229567170143127,0.18966327607631683,0.23253069818019867,0.27353721857070923,0.15808048174440223,0.2260605573388304,0.0679800733923912
MWI,Malawi,0.848690390586853,0.45907655358314514,0.9290235638618469,0.4816030263900757,0.6186082363128662,0.4625000059604645,,0.4342147707939148,0.413358211517334,0.4390279948711395,0.46294105052948,0.53058922290802,,,
MYS,Malaysia,0.746667742729187,0.4274812638759613,0.9496709704399109,0.4870929419994354,0.8767292499542236,0.5009579062461853,,0.41914522647857666,0.39914649724960327,0.36668887734413147,0.31487974524497986,0.2720898389816284,0.15898041659273177,0.20556301702847932,0.046582598239183426
MDV,Maldives,0.8815643191337585,0.46852734684944153,0.8660622239112854,0.46411219239234924,0.7713719606399536,0.48249998688697815,,0.41210702061653137,0.40386614203453064,0.40623989701271057,0.4945651590824127,0.4391612708568573,,,
MLI,Mali,0.6740393042564392,0.40264245867729187,0.7335614562034607,0.4231528341770172,0.6186082363128662,0.5400000214576721,,0.3966147005558014,0.3846031129360199,0.36534756422042847,0.4059477150440216,0.32425832748413086,,0.21610165734981288,
MLT,Malta,0.30219972133636475,0.2320682406425476,0.32298409938812256,0.24413134157657623,0.8708469867706299,1.0,,0.16692934930324554,0.1548001915216446,0.1492665559053421,0.12803372740745544,0.16820192337036133,,0.17927618870609263,
MHL,Marshall Islands,0.3921378552913666,0.28159332275390625,0.4353678822517395,0.3031167984008789,0.7713719606399536,0.48249998688697815,,,,,,0.21673117578029633,,,
MRT,Mauritania,0.22682642936706543,0.18488876521587372,0.4784809350967407,0.32361602783203125,0.688909649848938,0.4300000071525574,,0.14340175688266754,0.14260748028755188,0.14101891219615936,0.13625319302082062,0.10979843884706497,,,
MUS,Mauritius,0.492764949798584,0.33010217547416687,0.5766664147377014,0.36575043201446533,0.8974176645278931,0.4909599721431732,,0.26557841897010803,0.24814961850643158,0.2489652931690216,0.2562154233455658,0.27247151732444763,0.172045969989251,0.20955220181609122,0.037506233900785446
MEX,Mexico,0.29633790254592896,0.22859618067741394,0.3364582359790802,0.25175365805625916,0.7525669932365417,0.5054246783256531,,0.19281373918056488,0.19767530262470245,0.18154571950435638,0.14410008490085602,0.12616875767707825,0.21432054571905937,0.2416493695164591,0.027328822761774063
FSM,"Micronesia, Fed. Sts.",0.43687862157821655,0.30404573678970337,0.4784809350967407,0.32361602783203125,0.688909649848938,0.39125001430511475,,,,,,0.2327726185321808,,,
MDA,Moldova,0.2532541751861572,0.20207726955413818,0.3759300112724304,0.2732188403606415,0.7864500284194946,0.5824999809265137,,0.1660744845867157,0.15172125399112701,0.1349744349718094,0.1362072080373764,0.13026048243045807,,0.1998549770226207,
MCO,Monaco,0.30219972133636475,0.2320682406425476,0.32298409938812256,0.24413134157657623,0.8708469867706299,0.29750001430511475,,,,,,0.16820192337036133,,,
MNG,Mongolia,0.6212501525878906,0.3831920325756073,0.5752713680267334,0.36518874764442444,0.6798413991928101,0.4300000071525574,,0.22643229365348816,0.23236894607543945,0.2500635087490082,0.28895631432533264,0.25900977849960327,,0.268023167602243,
MNE,Montenegro,0.4074593186378479,0.2894998788833618,0.36601048707962036,0.2679412066936493,0.7243251204490662,0.4099999964237213,,0.2358483523130417,0.26171013712882996,0.2740303575992584,0.3160786032676697,0.31106099486351013,,0.20237710335362596,
MAR,Morocco,0.2331489771604538,0.18906797468662262,0.25449973344802856,0.2028695046901703,0.688909649848938,0.43927595019340515,,0.14433833956718445,0.1514309197664261,0.17251676321029663,0.1848539263010025,0.16421324014663696,,0.26145901520976983,
MOZ,Mozambique,0.9466589689254761,0.4862993359565735,0.8078936338424683,0.4468701183795929,0.6145469546318054,0.4050000011920929,,0.5664440989494324,0.535159707069397,0.41284996271133423,0.3240097761154175,0.2046668529510498,,,
MMR,Myanmar,0.434112012386322,0.302704393863678,0.5149194598197937,0.3398989140987396,0.688909649848938,0.39125001430511475,,0.3315078020095825,0.32749348878860474,0.2674252688884735,0.2386462390422821,0.2650216519832611,,,
NAM,Namibia,0.5081729888916016,0.3369460701942444,0.5704706907272339,0.36324822902679443,0.6306102871894836,0.45249998569488525,,0.2884780764579773,0.2752322554588318,0.27809640765190125,0.2872636318206787,0.30947428941726685,0.21734512967368175,0.23659456244037763,0.019249433651566505
NRU,Nauru,0.30219972133636475,0.2320682406425476,0.32298409938812256,0.24413134157657623,0.8708469867706299,0.29750001430511475,,,,,,0.16820192337036133,,,
NPL,Nepal,0.2598845958709717,0.20627650618553162,0.3070373237133026,0.23491090536117554,0.688909649848938,0.3574150800704956,,0.12578214704990387,0.1310044676065445,0.15362998843193054,0.18923534452915192,0.18511924147605896,0.16985085230632335,0.24328850629229887,0.0734376534819603
NLD,Netherlands,0.3405584990978241,0.25404223799705505,0.3445776402950287,0.2562720477581024,0.8708469867706299,1.0,,0.19175083935260773,0.18908855319023132,0.18666084110736847,0.16696681082248688,0.1618380844593048,,0.19733184024547776,
NCL,New Caledonia,0.30219972133636475,0.2320682406425476,0.32298409938812256,0.24413134157657623,0.8708469867706299,0.29750001430511475,,,,,,0.16820192337036133,,,
NZL,New Zealand,0.44873136281967163,0.30974090099334717,0.5046706199645996,0.3354027271270752,0.862532377243042,1.0,,0.2450907826423645,0.25063470005989075,0.24912860989570618,0.23019477725028992,0.22279687225818634,,,
NIC,Nicaragua,0.4349322021007538,0.303102970123291,0.44967329502105713,0.3101893961429596,0.6185764670372009,0.41286802291870117,,0.23606237769126892,0.2434035986661911,0.26343604922294617,0.30881279706954956,0.3862673044204712,0.14303729548122168,0.22914479354577885,0.08610749989748001
NER,Niger,0.439545601606369,0.3053363561630249,0.5466328263282776,0.35343411564826965,0.6284762024879456,0.33385396003723145,,0.26252999901771545,0.2637564539909363,0.2768539488315582,0.3416655957698822,0.3548102378845215,0.15861058883301313,0.1868037144986207,0.028193125501275063
NGA,Nigeria,0.579192578792572,0.36676499247550964,0.430976927280426,0.30117669701576233,0.6587256193161011,0.2849999964237213,,0.26013273000717163,0.20397041738033295,0.18364500999450684,0.16188128292560577,0.12063312530517578,,,
MKD,North Macedonia,0.3921378552913666,0.28159332275390625,0.4353678822517395,0.3031167984008789,0.7311541438102722,0.48249998688697815,,0.24202056229114532,0.24242287874221802,0.26234474778175354,0.24275997281074524,0.21673117578029633,,,
MNP,Northern Mariana Islands,0.30219972133636475,0.2320682406425476,0.32298409938812256,0.24413134157657623,0.8708469867706299,0.29750001430511475,,,,,,0.16820192337036133,,,
NOR,Norway,0.33014345169067383,0.248201385140419,0.32298409938812256,0.24413134157657623,0.8877825140953064,1.0,,0.20009124279022217,0.20148925483226776,0.20969489216804504,0.22077825665473938,0.23322606086730957,,0.21868376126912112,
OMN,Oman,1.6073912382125854,0.6164748668670654,1.6775089502334595,0.6265185475349426,0.7516335844993591,1.0,,0.5435751080513,0.5608550906181335,0.5834788084030151,0.5561263561248779,0.6482061743736267,,,
PAK,Pakistan,0.4407273530960083,0.30590614676475525,0.5182635188102722,0.34135279059410095,0.763556957244873,0.39250001311302185,,0.22655527293682098,0.2456975132226944,0.25310876965522766,0.2647801637649536,0.1895095258951187,0.09497601355875782,0.11225990657870416,0.017283892259001732
PLW,Palau,0.30219972133636475,0.2320682406425476,0.32298409938812256,0.24413134157657623,0.8708469867706299,0.29750001430511475,,,,,,0.16820192337036133,,,
PAN,Panama,0.23756143450737,0.19195930659770966,0.23798635601997375,0.19223666191101074,0.7340651154518127,0.4869178831577301,,0.15690656006336212,0.16843783855438232,0.19472241401672363,0.1627790778875351,0.16178598999977112,,,
PNG,Papua New Guinea,0.43687862157821655,0.30404573678970337,0.4784809350967407,0.32361602783203125,0.688909649848938,0.40220028162002563,,,,,,0.2327726185321808,,,
PRY,Paraguay,0.30828750133514404,0.23564201593399048,0.3485402762889862,0.2584574520587921,0.7271489500999451,0.44599103927612305,,0.18950223922729492,0.17677631974220276,0.18781986832618713,0.2084735780954361,0.23824109137058258,,0.2096672923535639,
PER,Peru,0.34043458104133606,0.2539733052253723,0.3649944067001343,0.2673962712287903,0.7092998623847961,0.6524999737739563,,0.20043471455574036,0.20530088245868683,0.21204873919487,0.2088623046875,0.20369957387447357,,0.20778600917444512,
PHL,Philippines,0.24838212132453918,0.1989632099866867,0.25233525037765503,0.20149177312850952,0.688909649848938,0.4625000059604645,,0.1440965235233307,0.14452669024467468,0.15056955814361572,0.1666971892118454,0.19103099405765533,,0.23570507069796842,
POL,Poland,0.33585289120674133,0.25141456723213196,0.35300368070602417,0.2609037160873413,0.8675941228866577,1.0,,0.2052583545446396,0.2252984642982483,0.23860493302345276,0.22201617062091827,0.23110149800777435,0.1189863364026444,0.16885165582411113,0.04986531659960747
PRT,Portugal,0.2828851640224457,0.22050701081752777,0.3210161030292511,0.24300695955753326,0.8708469867706299,1.0,,0.15832316875457764,0.15106114745140076,0.14411099255084991,0.11186109483242035,0.10323996096849442,,0.1982134322084816,
PRI,Puerto Rico (U.S.),0.30219972133636475,0.2320682406425476,0.32298409938812256,0.24413134157657623,0.8708469867706299,0.29750001430511475,,,,,,0.16820192337036133,0.13704690680487358,0.1455529376239158,0.008506030775606632
QAT,Qatar,0.30219972133636475,0.2320682406425476,0.32298409938812256,0.24413134157657623,0.8708469867706299,0.29750001430511475,,,,,,0.16820192337036133,,,
ROU,Romania,0.24352824687957764,0.19583651423454285,0.6686552166938782,0.40071502327919006,0.8708469867706299,0.4987267851829529,,0.16711363196372986,0.17293696105480194,0.1704408824443817,0.1507503092288971,0.1451544612646103,,0.2566354627052362,
RUS,Russian Federation,0.35032057762145996,0.25943511724472046,1.5830060243606567,0.6128541827201843,0.8708469867706299,1.0,,0.25810423493385315,0.23662316799163818,0.2004328817129135,0.18062356114387512,0.1315016746520996,,0.22132904272800907,
RWA,Rwanda,1.192621111869812,0.543924868106842,1.135284662246704,0.5316783785820007,0.6186082363128662,0.5649999976158142,,0.47743862867355347,0.4656304121017456,0.4695521295070648,0.4528273642063141,0.47998806834220886,,0.29113283196260165,
WSM,Samoa,0.3921378552913666,0.28159332275390625,0.4353678822517395,0.3031167984008789,0.7713719606399536,0.48249998688697815,,,,,,0.21673117578029633,,0.3052047376491266,
SMR,San Marino,0.30219972133636475,0.2320682406425476,0.32298409938812256,0.24413134157657623,0.8708469867706299,0.29750001430511475,,,,,,0.16820192337036133,,,
SAU,Saudi Arabia,0.9868553876876831,0.49669212102890015,1.095950722694397,0.5228895545005798,0.8708469867706299,1.0,,0.39330267906188965,0.4383031725883484,0.46890994906425476,0.4542448818683624,0.42165958881378174,0.25571606406482417,0.2868089702131364,0.03109290637075901
SEN,Senegal,0.4388250708580017,0.30498847365379333,0.49633878469467163,0.3317021429538727,0.660528838634491,0.23499999940395355,,0.26798588037490845,0.27666303515434265,0.2705235183238983,0.25116032361984253,0.21568964421749115,0.2826914429000049,0.32067519564686053,0.03798375278711319
SRB,Serbia,0.18896983563899994,0.1589357703924179,0.14552348852157593,0.1270366758108139,0.7877033948898315,0.4975000023841858,,0.1517782360315323,0.16697657108306885,0.16987809538841248,0.1821422278881073,0.21881525218486786,0.16297018590842904,0.2362625736894818,0.07329238951206207
SYC,Seychelles,0.5066621899604797,0.3362812101840973,0.6317011117935181,0.3871426582336426,0.8708469867706299,0.5155513286590576,,0.21640296280384064,0.18920563161373138,0.19887174665927887,0.16018185019493103,0.14717872440814972,,0.17169290907803028,
SLE,Sierra Leone,0.8110886216163635,0.4478459060192108,0.9354294538497925,0.4833188056945801,0.6186082363128662,0.2574999928474426,,0.4024619162082672,0.40358901023864746,0.3964524567127228,0.48043423891067505,0.3501485288143158,0.1125764614056005,0.2949561203482382,0.18237966299057007
SGP,Singapore,0.29336443543434143,0.22682271897792816,0.33048728108406067,0.2483956664800644,0.9856669306755066,1.0,,0.18284089863300323,0.17164920270442963,0.1808273196220398,0.191498801112175,0.18877029418945312,0.17456466805507687,0.21896499229392696,0.04440032318234444
SXM,Sint Maarten (Dutch part),0.30219972133636475,0.2320682406425476,0.32298409938812256,0.24413134157657623,0.8708469867706299,0.29750001430511475,,,,,,0.16820192337036133,,,
SVK,Slovak Republic,0.26115670800209045,0.20707711577415466,0.2472246289253235,0.19821980595588684,0.9455482959747314,1.0,,0.16044265031814575,0.16884343326091766,0.17991822957992554,0.1876339167356491,0.1682243049144745,,0.2033667443044942,
SVN,Slovenia,0.30312758684158325,0.23261544108390808,0.32298409938812256,0.24413134157657623,0.8708469867706299,1.0,,0.18462060391902924,0.19683803617954254,0.21233554184436798,0.19735531508922577,0.1929735243320465,,0.20056405327775106,
SLB,Solomon Islands,0.43687862157821655,0.30404573678970337,0.4784809350967407,0.32361602783203125,0.688909649848938,0.19249999523162842,,,,,,0.2327726185321808,,,
SOM,Somalia,0.7650962471961975,0.43332433700561523,0.8174363970756531,0.4497744143009186,0.6186082363128662,0.36000001430511475,,,,,,0.3479066491127014,,0.22714927594441295,
ZAF,South Africa,0.28496280312538147,0.2217673510313034,0.3349074125289917,0.25088438391685486,0.7375056743621826,0.8824999928474426,,0.15774613618850708,0.15547357499599457,0.15664131939411163,0.16475656628608704,0.15108032524585724,0.1198650257182473,0.14519660063875095,0.02533157542347908
SSD,South Sudan,0.7650962471961975,0.43332433700561523,0.8174363970756531,0.4497744143009186,0.6186082363128662,0.36000001430511475,,,,,,0.3479066491127014,,,
ESP,Spain,0.2539849579334259,0.2025422751903534,0.32298409938812256,0.24413134157657623,0.8708469867706299,1.0,,0.14784720540046692,0.1475619077682495,0.13734988868236542,0.11459124088287354,0.10518371313810349,,0.1953441352779263,
LKA,Sri Lanka,0.25900915265083313,0.20572461187839508,0.27485665678977966,0.21559809148311615,0.7755508422851562,0.4358329176902771,,0.16481229662895203,0.18416155874729156,0.18682555854320526,0.1835290789604187,0.20298081636428833,,0.18793022288871414,
KNA,St. Kitts and Nevis,0.28766193985939026,0.22339864075183868,0.27082568407058716,0.2131100296974182,0.8708469867706299,0.29750001430511475,,0.18226079642772675,0.18520358204841614,0.19108916819095612,0.2044123113155365,0.3499998450279236,,,
LCA,St. Lucia,0.34881430864334106,0.2586081027984619,0.49349838495254517,0.33043113350868225,0.7713719606399536,0.4854072332382202,,0.21447478234767914,0.21400034427642822,0.2130514681339264,0.20591753721237183,0.1874316781759262,,,
MAF,St. Martin (French part),0.30219972133636475,0.2320682406425476,0.32298409938812256,0.24413134157657623,0.8708469867706299,0.29750001430511475,,,,,,0.16820192337036133,,,
VCT,St. Vincent and the Grenadines,0.4959142506122589,0.3315124809741974,0.608120858669281,0.3781561851501465,0.7713719606399536,0.48765796422958374,,0.28212520480155945,0.28423774242401123,0.2884628474712372,0.2847902476787567,0.40254002809524536,,,
SDN,Sudan,0.7650962471961975,0.43332433700561523,0.17155973613262177,0.14643703401088715,0.7391705513000488,0.26750001311302185,,0.209542378783226,0.23244130611419678,0.194879412651062,,0.3479066491127014,,0.028730106425804484,
SUR,Suriname,0.3921378552913666,0.28159332275390625,0.2171747237443924,0.17842526733875275,0.7713719606399536,0.4966786205768585,,0.173930361866951,0.173930361866951,0.2256774753332138,,0.21673117578029633,,,
SWE,Sweden,0.3283434212207794,0.24718262255191803,0.32298409938812256,0.24413134157657623,0.8708469867706299,1.0,,0.17977769672870636,0.1768299788236618,0.17860080301761627,0.17481015622615814,0.18502217531204224,,0.2439100842605269,
CHE,Switzerland,0.20242834091186523,0.16834960877895355,0.2524348795413971,0.2015552967786789,0.8708469867706299,1.0,,0.11755238473415375,0.11555366963148117,0.11799649149179459,0.11687128245830536,0.11984372138977051,,0.2505461885275374,
SYR,Syrian Arab Republic,0.7650962471961975,0.43332433700561523,1.7106720209121704,0.6310877799987793,0.6186082363128662,0.44473084807395935,,0.48874959349632263,0.4577576220035553,0.5081354379653931,,0.3479066491127014,,,
STP,São Tomé and Príncipe,1.7047396898269653,0.6302786469459534,2.3992841243743896,0.7058203816413879,0.688909649848938,0.39125001430511475,,0.5421466827392578,0.4958380162715912,0.5156670212745667,0.43535035848617554,0.26795342564582825,,,
TWN,"Taiwan, China",0.4537294805049896,0.3121141195297241,0.608133852481842,0.37816122174263,0.8708469867706299,0.29750001430511475,,0.23496775329113007,0.2138637751340866,0.1967671662569046,0.17392195761203766,0.17426937818527222,,,
TJK,Tajikistan,1.3983314037322998,0.5830434560775757,1.9519925117492676,0.6612457633018494,0.688909649848938,0.36887112259864807,,0.5498265624046326,0.5968701243400574,0.6461154222488403,0.7150595784187317,0.6031306982040405,,,
TZA,Tanzania,0.5052495002746582,0.33565831184387207,0.27911409735679626,0.218208909034729,0.5550600290298462,0.3449999988079071,,0.3116897642612457,0.3096476197242737,0.29940736293792725,0.2986193597316742,0.2969997823238373,0.2403920510304564,0.4135012185770489,0.17310917377471924
THA,Thailand,0.4428616464138031,0.30693286657333374,0.5444786548614502,0.3525323271751404,0.7713719606399536,0.7174999713897705,,0.26407909393310547,0.24961024522781372,0.24245266616344452,0.258852481842041,0.2529979348182678,0.16512271221851693,0.22247552010031155,0.057352811098098755
TLS,Timor-Leste,0.43687862157821655,0.30404573678970337,0.4784809350967407,0.32361602783203125,0.688909649848938,0.39125001430511475,,,,,,0.2327726185321808,,,
TGO,Togo,1.0574707984924316,0.5139663815498352,0.8457459807395935,0.4582136273384094,0.49625521898269653,0.23000000417232513,,0.2874174118041992,0.3095211982727051,0.3333970308303833,0.3204314708709717,0.270111620426178,,0.22291959967572889,
TON,Tonga,0.3921378552913666,0.28159332275390625,0.4353678822517395,0.3031167984008789,0.7713719606399536,0.48249998688697815,,,,,,0.21673117578029633,,,
TTO,Trinidad and Tobago,0.30219972133636475,0.2320682406425476,2.6686925888061523,0.727423369884491,0.8708469867706299,0.2750000059604645,,,,,,0.16820192337036133,,,
TUN,Tunisia,0.465090274810791,0.3174481987953186,0.5471178293228149,0.35363680124282837,0.8334804773330688,0.7425000071525574,,0.27093052864074707,0.2690347731113434,0.2774430215358734,0.2888779938220978,0.33653444051742554,,0.1335402792566791,
TKM,Turkmenistan,0.3921378552913666,0.28159332275390625,0.4353678822517395,0.3031167984008789,0.7713719606399536,0.48249998688697815,,,,,,0.21673117578029633,,,
TCA,Turks and Caicos Islands,0.30219972133636475,0.2320682406425476,0.32298409938812256,0.24413134157657623,0.8708469867706299,0.29750001430511475,,,,,,0.16820192337036133,,,
TUV,Tuvalu,0.3921378552913666,0.28159332275390625,0.4353678822517395,0.3031167984008789,0.7713719606399536,0.48249998688697815,,,,,,0.21673117578029633,,,
TUR,Türkiye,0.183823823928833,0.1552797108888626,0.3880878686904907,0.27958452701568604,0.8233606815338135,0.4699999988079071,,0.13050583004951477,0.12988676130771637,0.12438495457172394,0.12716498970985413,0.13297516107559204,,0.3099852546795661,
UGA,Uganda,0.33947044610977173,0.2534363269805908,0.4609082043170929,0.3154942989349365,0.6186082363128662,0.36000001430511475,,0.20405638217926025,0.22084498405456543,0.2544221878051758,0.3099804222583771,0.3456647992134094,0.14307156079105374,0.2154955802780542,0.0724240243434906
UKR,Ukraine,0.27309200167655945,0.21451081335544586,0.284185528755188,0.2212963104248047,0.884667694568634,0.48249998688697815,,0.17440618574619293,0.17514927685260773,0.17235074937343597,0.2049248367547989,0.2146470993757248,,0.18880211274584757,
ARE,United Arab Emirates,1.0801730155944824,0.5192707777023315,0.8660458326339722,0.464107483625412,0.8708469867706299,1.0,,0.4430775046348572,0.4519883692264557,0.4856322407722473,0.5453604459762573,0.5445489287376404,,,
GBR,United Kingdom,0.25822123885154724,0.20522721111774445,0.3945094645023346,0.28290197253227234,0.9530091881752014,1.0,,0.14788198471069336,0.15810377895832062,0.16407635807991028,0.15016625821590424,0.15346242487430573,,0.17402592574015543,
USA,United States,0.34632813930511475,0.2572390139102936,0.3676757216453552,0.2688325345516205,0.8704891800880432,1.0,,0.19367238879203796,0.19110171496868134,0.18338444828987122,0.16632600128650665,0.16643138229846954,0.1788928791576737,0.21565827385335357,0.03676539286971092
URY,Uruguay,0.4823155701160431,0.3253798186779022,0.6762468814849854,0.40342918038368225,0.6674679517745972,1.0,,0.22189830243587494,0.2137335240840912,0.20695675909519196,0.21087360382080078,0.20594178140163422,,0.1623795031956379,
UZB,Uzbekistan,0.6229716539382935,0.3838462829589844,0.45158758759498596,0.311099112033844,0.8836831450462341,0.3966101109981537,,0.39624717831611633,0.26426929235458374,0.224223792552948,0.23355595767498016,0.276848167181015,,0.3705590951959543,
VUT,Vanuatu,0.43687862157821655,0.30404573678970337,0.4784809350967407,0.32361602783203125,0.688909649848938,0.44498732686042786,,,,,,0.2327726185321808,,,
VEN,"Venezuela, RB",1.6756643056869507,0.6262610554695129,1.8589613437652588,0.650222659111023,0.6110723614692688,0.528109073638916,,0.5515230298042297,0.6033570170402527,0.6571298837661743,0.7096177339553833,0.8834308981895447,,,
VNM,Vietnam,0.3976612389087677,0.2845190465450287,0.5550811290740967,0.356946736574173,0.7930318117141724,0.3985608220100403,,0.2509891092777252,0.25866585969924927,0.27330392599105835,0.26502925157546997,0.2597198784351349,,,
VIR,Virgin Islands (U.S.),0.30219972133636475,0.2320682406425476,0.32298409938812256,0.24413134157657623,0.8708469867706299,0.29750001430511475,,,,,,0.16820192337036133,,,
PSE,West Bank and Gaza,0.43687862157821655,0.30404573678970337,0.4784809350967407,0.32361602783203125,0.688909649848938,0.39125001430511475,,,,,,0.2327726185321808,,0.21847991773088957,
YEM,"Yemen, Rep.",0.6428057551383972,0.3912853002548218,0.8066125512123108,0.44647789001464844,0.622669517993927,0.20000000298023224,,0.3268628716468811,0.32035860419273376,0.2647364139556885,0.1867607980966568,0.07235927879810333,,,
ZMB,Zambia,0.22249770164489746,0.18200255930423737,0.2611388862133026,0.20706592500209808,0.69864821434021,0.4675000011920929,,0.1782824546098709,0.145639568567276,0.1599678099155426,0.17755389213562012,0.24461482465267181,,,
ZWE,Zimbabwe,0.43687862157821655,0.30404573678970337,0.4784809350967407,0.32361602783203125,0.5823031663894653,0.37451785802841187,,0.19133403897285461,0.21875973045825958,,,0.2327726185321808,0.00661376310329129,0.03572851794462887,0.029114754870533943
