income_group,country,countrycode,delta,labor_share,ky_ratio,hc_growth,tfp_growth,lfp,lfp_male,lfp_female,gdppc,gdp_pc_level,inv_gdp,inv_gdp_weo,gdp_growth,gdppc_growth,gns_gdp,cab_gdp,fdi_gdp,debt_gdp,poverty_215,poverty_365,poverty_685,gini,pop_growth_2024,pop_growth_2030,watp_2024,watp_2030
Low income,Afghanistan,AFG,0.04769023880362511,0.5202069878578186,2.2917304039001465,0.010602852329611778,0.0005836357595399022,0.38459000000000004,0.71146,0.05317,,506.12359619140625,0.15121757984161377,,-0.02057250589132309,-0.04661719501018524,0.024084674194455147,-0.18882142007350922,0.0038156178779900074,0.19986416399478912,,,,,0.028365731239318848,0.02660377509891987,0.5471152441977127,0.567221087094526
Upper middle income,Albania,ALB,0.028501858934760094,0.7048901319503784,5.697336673736572,0.0011300866026431322,0.02010314166545868,0.72028,0.79655,0.64571,8690.0,4544.5361328125,0.2561722993850708,0.26069167256355286,0.032595518976449966,0.03882507234811783,-0.09284278005361557,-0.06355634331703186,0.07513785362243652,0.48260363936424255,0.003,0.021,0.19899999999999998,0.294,-0.007099265698343515,-0.007466762792319059,0.6623646084761089,0.643355533640108
Upper middle income,Algeria,DZA,0.04416625201702118,0.4845505356788635,4.329810619354248,0.0155005669221282,0.0014869102742522955,0.44632,0.72334,0.15489,5320.0,4120.6083984375,0.32998088002204895,0.3674633502960205,0.020152725279331207,0.0024143450427800417,-0.04668446257710457,-0.06696151196956635,0.005333326756954193,0.02954157069325447,0.0,0.047,0.418,0.276,0.013983865268528461,0.009994878433644772,0.630887832742159,0.6506922839739004
High income,American Samoa,ASM,0.04230361059308052,0.5460877418518066,5.107937335968018,0.005804792046546936,0.001797617063857615,,,,,,0.20726224780082703,,0.001953164814040065,0.014546314254403114,,,,,,,,,-0.016036659479141235,-0.012331126257777214,0.6494707580455469,0.657537594860096
High income,Andorra,AND,0.04230361059308052,0.5460877418518066,5.107937335968018,0.005804792046546936,0.001797617063857615,,,,48870.0,,0.20726224780082703,,0.020086143165826797,0.009540329687297344,,0.14884693920612335,,,,,,,0.0132930688560009,0.0039409492164850235,0.7216903127383676,0.6882757654802961
Lower middle income,Angola,AGO,0.04355565458536148,0.2232351005077362,3.123647689819336,0.007144388742744923,0.007312478963285685,0.7655299999999999,0.79037,0.74153,2220.0,3455.047119140625,0.2986260652542114,0.3498183488845825,-6.280033994698897e-05,-0.033343203365802765,0.035520270466804504,0.03697928786277771,-0.03258760645985603,0.6719486117362976,0.39299999999999996,0.537,0.8,0.513,0.030441997572779655,0.028493205085396767,0.5279661605581788,0.542977188141006
High income,Antigua and Barbuda,ATG,0.027413733303546906,0.5460877418518066,7.191007137298584,0.005804792046546936,0.001797617063857615,,,,21380.0,,0.20726224780082703,0.34852665662765503,0.020042531192302704,0.014555144123733044,,-0.09918894618749619,0.1144769936800003,,,,,,0.004874721169471741,0.003088096622377634,0.704158512981023,0.6801927083333333
Upper middle income,Argentina,ARG,0.03736775740981102,0.5284717679023743,4.051673412322998,0.00804363377392292,-0.003756133606657386,0.7090099999999999,0.7943300000000001,0.6221099999999999,13440.0,13785.021484375,0.19735842943191528,0.15568166971206665,-1.7774291336536407e-05,-0.0060432241298258305,-0.021777303889393806,-0.017285987734794617,0.018604591488838196,0.411975622177124,0.012,0.031,0.16399999999999998,0.424,0.0034582982771098614,0.0030368687584996223,0.6598005315939136,0.681929934475506
Upper middle income,Armenia,ARM,0.03801887854933739,0.5085635781288147,4.196177005767822,-6.395854143192992e-05,0.028851399198174477,0.72745,0.7727299999999999,0.6875199999999999,7780.0,4381.154296875,0.21942467987537384,0.20095333456993103,0.04671492427587509,0.046063393354415894,-0.06868111342191696,-0.03248662129044533,0.021031454205513,0.6576017737388611,0.019,0.084,0.569,0.272,0.010291049256920815,-0.00689305504783988,0.6706015336061232,0.6513574638019298
High income,Aruba,ABW,0.03591228276491165,0.6451061367988586,4.96799898147583,0.005804792046546936,0.001797617063857615,,,,,,0.20726224780082703,,0.012858249247074127,0.012285484001040459,,0.015630653128027916,0.024780141189694405,,,,,,0.001175898825749755,-0.0011767159448936582,0.6609880119001902,0.6387517556912208
High income,Australia,AUS,0.03392145037651062,0.5460877418518066,4.676305294036865,0.00395390298217535,0.0027017719112336636,0.8080700000000001,0.84435,0.7718600000000001,62550.0,60130.04296875,0.2549055814743042,0.2541300058364868,0.0230580922216177,0.008315241895616055,-0.0310001652687788,-0.010953287594020367,0.03027021884918213,,0.005,0.006999999999999999,0.012,0.34299999999999997,0.009859359823167324,0.008263206109404564,0.644281358227139,0.6329478687606359
High income,Austria,AUT,0.04476464167237282,0.6079999804496765,5.629655838012695,0.003983478527516127,0.0001688910269876942,0.78071,0.82006,0.74068,54160.0,50112.23046875,0.21172381937503815,0.23874834179878235,0.010991171002388,0.003855487098917365,0.02105776034295559,0.01668388769030571,-0.008088256232440472,,0.006,0.006999999999999999,0.011000000000000001,0.309,-0.0010537366615608335,-0.001036537578329444,0.6516559433901341,0.6238891874886052
Upper middle income,Azerbaijan,AZE,0.06069868803024292,0.39230209589004517,2.473018169403076,0.00804363377392292,0.0014869102742522955,0.6994199999999999,0.7172700000000001,0.68238,7310.0,5371.92529296875,0.1824755072593689,0.15126000344753265,0.013142607174813747,0.006373650394380093,0.12815223634243011,0.08328774571418762,0.025681110098958015,0.2006487101316452,0.0,0.003,0.359,0.266,0.0017787651158869267,0.004758155904710293,0.6963259841083763,0.697349367767487
High income,"Bahamas, The",BHS,0.03978234529495239,0.3972102701663971,6.628520488739014,0.005804792046546936,0.001797617063857615,0.8040999999999999,0.8561799999999999,0.7561100000000001,,32360.341796875,0.2702521085739136,0.2229466587305069,0.015097914263606071,0.010251264087855816,-0.09961089491844177,-0.10488370060920715,0.028668442741036415,,,,,,0.0046033477410674095,0.003222604049369693,0.703113513405751,0.6966423044533249
High income,Bahrain,BHR,0.03347509354352951,0.29356512427330017,5.701907634735107,0.01631440594792366,-0.02070333994925022,0.7313299999999999,0.87925,0.45437,28810.0,21239.078125,0.257240891456604,0.2830433249473572,0.02605883590877056,0.007119469810277224,0.015425072982907295,0.0035266925115138292,0.043970901519060135,,,,,,0.023536719381809235,0.010452641174197197,0.7742983488052787,0.7759525925825214
Lower middle income,Bangladesh,BGD,0.039687227457761765,0.4958328306674957,4.015318393707275,0.010127426125109196,0.0022091122809797525,0.64794,0.83379,0.47537999999999997,2820.0,1603.99658203125,0.3137061595916748,0.29852500557899475,0.06096016988158226,0.05154377594590187,0.0038614263758063316,-0.008601691573858261,0.006072051357477903,0.23192478716373444,0.08,0.244,0.722,0.33399999999999996,0.012146211229264736,0.010848991572856903,0.6551260646576581,0.6617996553938265
High income,Barbados,BRB,0.033608242869377136,0.7505659461021423,8.401266098022461,0.0018274056492373347,0.006644594948738813,0.7579300000000001,0.7759199999999999,0.7409300000000001,23660.0,,0.20726224780082703,0.16889165341854095,0.008104545995593071,0.006635584402829409,,-0.05241857096552849,0.05476466193795204,,0.017,0.032,0.158,0.341,0.0004638785612769425,-0.0007254262454807758,0.662085018630462,0.6394108828438478
Upper middle income,Belarus,BLR,0.04351839795708656,0.5695437788963318,5.435386657714844,0.00804363377392292,0.0014869102742522955,0.7931699999999999,0.82652,0.76141,8240.0,6289.59716796875,0.31177818775177,0.2777249813079834,0.0055130417458713055,0.008901581168174744,-0.052198100835084915,-0.007975727319717407,0.02346021495759487,0.5064179301261902,0.0,0.001,0.026000000000000002,0.244,-0.00649163406342268,-0.007274202536791563,0.6603620680212741,0.6596789746803862
High income,Belgium,BEL,0.0449611097574234,0.5861257314682007,5.8628621101379395,0.001886173035018146,-0.0007819941965863109,0.7077100000000001,0.74524,0.66967,54840.0,47404.046875,0.20650795102119446,0.24110332131385803,0.01587793603539467,0.010091084986925125,0.005141984671354294,0.001892194151878357,-0.01280288677662611,,0.0,0.001,0.002,0.264,0.002206241711974144,0.0008868846343830228,0.6344579222504995,0.6247428037267146
Upper middle income,Belize,BLZ,0.0531848706305027,0.4845505356788635,2.994157075881958,-0.0041346256621181965,0.0014869102742522955,0.65063,0.77928,0.52015,7640.0,4788.64892578125,0.16675445437431335,0.2159983217716217,0.025904888287186623,0.008064128458499908,-0.05669252946972847,-0.05971978232264519,0.0328403003513813,0.4923355281352997,0.01,0.04,0.19699999999999998,0.39899999999999997,0.014407780021429062,0.011276239529252052,0.6839774475119973,0.6897879018937887
Lower middle income,Benin,BEN,0.050449103116989136,0.6171550154685974,3.0669260025024414,0.018984884023666382,-0.003355851396918297,0.7669799999999999,0.7774899999999999,0.75646,1430.0,1201.0770263671875,0.1973131000995636,0.3855849802494049,0.05378743261098862,0.026691891252994537,-0.0369487963616848,-0.04605962708592415,0.015959177166223526,0.6345025300979614,0.272,0.5,0.865,0.344,0.02461753599345684,0.022201798856258392,0.5532936257374476,0.5720029674786816
High income,Bermuda,BMU,0.055123694241046906,0.5863103866577148,3.019484519958496,0.005804792046546936,0.001797617063857615,,,,140280.0,,0.20726224780082703,,0.01412520743906498,0.012397702783346176,,0.1317683905363083,0.003963523544371128,,,,,,-0.0009587579988874495,-0.0027362792752683163,0.6464923069782553,0.6083750205500364
Lower middle income,Bhutan,BTN,0.048315249383449554,0.4958328306674957,6.646340847015381,0.010007699951529503,0.0022091122809797525,0.67732,0.74819,0.59326,,3197.958740234375,0.5289893746376038,0.5015716552734375,0.03231573849916458,0.024525607004761696,-0.2485744059085846,-0.2163907289505005,0.0017272031400352716,1.0827412605285645,0.0,0.005,0.10099999999999999,0.285,0.006513706874102354,0.005403915885835886,0.7259636309425672,0.7459814498461058
Lower middle income,Bolivia,BOL,0.0665961280465126,0.498441219329834,2.980919122695923,0.009767069481313229,-0.000982203520834446,0.80658,0.8663500000000001,0.74627,3690.0,3317.370849609375,0.20731183886528015,0.14324499666690826,0.024098651483654976,0.010627941228449345,-0.00511718587949872,-0.02301521971821785,0.004106750711798668,0.3612893223762512,0.027999999999999997,0.051,0.165,0.42100000000000004,0.01372068002820015,0.012142063118517399,0.6457196163957815,0.6583566346033631
Upper middle income,Bosnia and Herzegovina,BIH,0.05772198364138603,0.6711022853851318,3.17543888092041,0.00804363377392292,0.0014869102742522955,0.62902,0.7351000000000001,0.5230899999999999,8630.0,5814.73486328125,0.1741657853126526,0.26229333877563477,0.029842816293239594,0.04176272451877594,-0.05587073042988777,-0.0355110689997673,0.0289002638310194,0.5077561140060425,0.002,0.01,0.081,0.33,-0.006558199878782034,-0.007897467352449894,0.6473194463274585,0.6191757128628183
Upper middle income,Botswana,BWA,0.04060186818242073,0.27796098589897156,4.426377296447754,0.009195901453495026,-0.02284066192805767,0.7097199999999999,0.75158,0.6679600000000001,7750.0,7039.48974609375,0.23505409061908722,0.32279500365257263,0.020693371072411537,0.005789158865809441,0.01316331047564745,-0.004795061890035868,0.014477965421974659,0.10709324479103088,0.214,0.358,0.632,0.5489999999999999,0.016353841871023178,0.01452111266553402,0.638344613287883,0.6458410274348385
Upper middle income,Brazil,BRA,0.04882611334323883,0.5114142894744873,4.372973918914795,0.02240382693707943,-0.008938520215451717,0.70325,0.79967,0.60868,9950.0,8646.36328125,0.1998966485261917,0.16577500104904175,0.008177410811185837,0.002393747679889202,-0.02894648350775242,-0.023069174960255623,0.03414439409971237,0.2770784795284271,0.038,0.075,0.23399999999999999,0.516,0.004054670222103596,0.002591537544503808,0.6928567587743698,0.683582585352969
High income,British Virgin Islands,VGB,0.04230361059308052,0.3805582523345947,3.4225516319274902,0.005804792046546936,0.001797617063857615,,,,,,0.20726224780082703,,,,,,,,,,,,0.012389268726110458,0.00350435939617455,0.7588482683489145,0.7437764063905004
High income,Brunei Darussalam,BRN,0.043411675840616226,0.5460877418518066,7.7050700187683105,0.00422649597749114,0.001797617063857615,0.68731,0.77455,0.5847399999999999,36150.0,30646.677734375,0.35293447971343994,0.2969133257865906,0.005383721087127924,-0.005080054979771376,0.21223337948322296,0.12172766774892807,0.014700958505272865,,,,,,0.00818518828600645,0.0061376034282147884,0.7230688437861651,0.7171613847338514
High income,Bulgaria,BGR,0.05580490455031395,0.5165106654167175,2.7839229106903076,0.00457594683393836,-0.005414558574557304,0.73724,0.77046,0.7030299999999999,15320.0,8344.6103515625,0.2022869884967804,0.20157167315483093,0.02809290774166584,0.03740883991122246,0.009428516961634159,0.0025714084040373564,0.038113806396722794,,0.011000000000000001,0.017,0.055,0.382,-0.005624248180538416,-0.008410022594034672,0.6349520253856034,0.6273926979830272
Low income,Burkina Faso,BFA,0.06089407578110695,0.4259854555130005,2.051619052886963,0.01353748794645071,-0.0025410549715161324,0.48306,0.54451,0.42274999999999996,880.0,696.9160766601562,0.2168886512517929,0.1834000051021576,0.04574129357933998,0.020137786865234375,-0.047994162887334824,-0.03925658017396927,0.012068338692188263,0.5115662813186646,0.42100000000000004,0.6459999999999999,0.904,0.374,0.02245977334678173,0.020245101302862167,0.5554619791147576,0.5924778054976475
Low income,Burundi,BDI,0.040830422192811966,0.6062175035476685,2.228961706161499,0.010514678433537483,-0.009948717430233955,0.7938200000000001,0.77613,0.81113,190.0,278.20257568359375,0.13822728395462036,0.1855500042438507,0.010584335774183273,-0.015709523111581802,-0.12340240180492401,-0.15231026709079742,0.014935235492885113,0.3966018259525299,0.742,0.872,0.9740000000000001,0.375,0.025839339941740036,0.022887583822011948,0.5276929403679697,0.5707895551830638
Upper middle income,Cabo Verde,CPV,0.036435361951589584,0.6261301040649414,4.41304349899292,0.00804363377392292,0.0014869102742522955,0.62429,0.68419,0.55978,5000.0,3483.356201171875,0.3720357418060303,0.22467666864395142,0.030379856005311012,0.02795957587659359,-0.07461227476596832,-0.048989541828632355,0.05180848389863968,0.9654390811920166,0.146,0.297,0.65,0.424,0.004862463101744652,0.004217833746224642,0.6759450309310563,0.705584147459962
Lower middle income,Cambodia,KHM,0.04241127520799637,0.4958328306674957,4.613289833068848,0.020189078524708748,0.0022091122809797525,0.83758,0.88932,0.7878400000000001,2520.0,1456.4862060546875,0.24895533919334412,0.3251100182533264,0.053536318242549896,0.039941996335983276,-0.09727446734905243,-0.08381439000368118,0.09369735419750214,0.5322608351707458,,,,,0.012259398587048054,0.010035374201834202,0.6404315021307713,0.6455491595541559
Lower middle income,Cameroon,CMR,0.04507410153746605,0.6435971260070801,2.3286514282226562,0.003564500482752919,0.0030240805353969336,0.6576900000000001,0.74598,0.5705,1680.0,1398.038818359375,0.26095378398895264,0.23428332805633545,0.03473764657974243,0.006958382669836283,-0.03371020406484604,-0.03592237830162048,0.020471669733524323,0.31112194061279297,0.267,0.413,0.74,0.42200000000000004,0.026126829907298088,0.023906145244836807,0.5576297394598329,0.5754196334185827
High income,Canada,CAN,0.03415324166417122,0.6593016982078552,4.871886253356934,0.002467399463057518,-0.0012638071784749627,0.8050799999999999,0.8354900000000001,0.77423,53340.0,52209.109375,0.1975177526473999,0.22655999660491943,0.01701425388455391,0.0017229797085747123,-0.031104814261198044,-0.017163237556815147,0.02464294619858265,,0.002,0.002,0.005,0.299,0.011217637918889523,0.006727392785251141,0.6508908866418083,0.6310354416066473
High income,Cayman Islands,CYM,0.038649171590805054,0.49083033204078674,4.538270950317383,0.005804792046546936,0.001797617063857615,,,,,,0.20726224780082703,,0.02904238924384117,0.007489926181733608,,-0.1371360868215561,2.213050127029419,,,,,,0.019241923466324806,0.015529781579971313,0.74814491488433,0.7170946860079233
Low income,Central African Republic,CAF,0.03415387496352196,0.16431578993797302,7.674293041229248,0.0066982293501496315,-0.008160226047039032,0.73712,0.8241299999999999,0.66361,520.0,396.9222717285156,0.13499045372009277,0.17950166761875153,0.024639159440994263,0.01039941143244505,-0.06544353812932968,,0.006316716317087412,0.39948317408561707,0.716,0.8390000000000001,0.961,0.43,0.034013982862234116,0.03112233616411686,0.4884556678831134,0.5061873619948488
Low income,Chad,TCD,0.0759783387184143,0.48539406061172485,2.2223353385925293,0.010602852329611778,0.0005836357595399022,0.6031,0.7204900000000001,0.48625999999999997,970.0,660.0720825195312,0.23185914754867554,0.3432166576385498,0.027867324650287628,-0.007946011610329151,-0.06168939918279648,,0.034878507256507874,0.16820675134658813,0.395,0.614,0.895,0.374,0.049485303461551666,0.028553783893585205,0.5183483542614131,0.5239562533545934
High income,Channel Islands,CHI,0.04230361059308052,0.5460877418518066,5.107937335968018,0.005804792046546936,0.001797617063857615,0.72422,0.79268,0.65495,,,0.20726224780082703,,0.016727250069379807,0.01338778343051672,,,,,,,,,,,,
High income,Chile,CHL,0.04286716505885124,0.4402236044406891,3.8859446048736572,0.006563280709087849,-0.007040804717689753,0.69695,0.7842600000000001,0.6088600000000001,15750.0,13866.9541015625,0.22707253694534302,0.2394416630268097,0.01940048672258854,0.009290219284594059,-0.026822905987501144,-0.04048841819167137,0.04616516828536987,,0.005,0.009000000000000001,0.057,0.43,0.005374255124479532,0.0031462691258639097,0.6889874998048928,0.6856576891535059
Upper middle income,China,CHN,0.04928606003522873,0.561180591583252,5.510737895965576,0.007706240750849247,0.02974609099328518,0.74698,0.79386,0.6969299999999999,13660.0,10152.7275390625,0.4197699725627899,0.4128616750240326,0.05614849179983139,0.053478993475437164,0.018814604729413986,0.01637183502316475,0.012945226393640041,0.13246653974056244,0.0,0.003,0.21,0.35700000000000004,-0.0022968079429119825,-0.002948770998045802,0.6932691883075077,0.69518689199573
Upper middle income,Colombia,COL,0.03801644593477249,0.4776495099067688,3.352492570877075,0.008622517809271812,0.0006984212668612599,0.6916100000000001,0.8089700000000001,0.57631,7040.0,6512.1298828125,0.22208571434020996,0.19951334595680237,0.024308668449521065,0.011579956859350204,-0.04042455926537514,-0.041928768157958984,0.03968329355120659,0.5392016768455505,0.077,0.139,0.376,0.539,0.0107447924092412,0.007452805060893297,0.6994945114726975,0.6870804441795073
Lower middle income,Comoros,COM,0.029763752594590187,0.4958328306674957,5.0068278312683105,0.010007699951529503,0.0022091122809797525,0.52565,0.61613,0.43381000000000003,1690.0,1284.2904052734375,0.2024516463279724,0.007446667179465294,0.03345099836587906,0.013727978803217411,-0.03371591866016388,-0.019050950184464455,0.003763744840398431,0.2668362259864807,0.314,0.47700000000000004,0.767,0.45299999999999996,0.01891827955842018,0.017214221879839897,0.5840643274853801,0.6016507918729768
Low income,"Congo, Dem. Rep.",COD,0.03656943142414093,0.5202069878578186,2.905196189880371,0.0094114039093256,0.0005836357595399022,0.65888,0.68644,0.63195,640.0,499.0318908691406,0.1217230036854744,0.15549665689468384,0.05367238447070122,0.020470989868044853,-0.048025161027908325,-0.03534989431500435,0.028559857979416847,0.16516083478927612,0.853,0.925,0.98,0.447,0.032425761222839355,0.029770459979772568,0.508914513636216,0.5181699194708982
Lower middle income,"Congo, Rep.",COG,0.037063825875520706,0.4958328306674957,7.914841651916504,0.0035157203674316406,0.0022091122809797525,0.6884600000000001,0.70461,0.6723699999999999,2410.0,1792.30712890625,0.4331338703632355,0.2684583365917206,-0.015204316936433315,-0.03932088240981102,-0.03698156401515007,-0.06864121556282043,0.08799996227025986,0.5077428221702576,0.392,0.55,0.8240000000000001,0.489,0.023982908576726913,0.023031245917081833,0.565686098493264,0.5886850611687996
High income,Costa Rica,CRI,0.04973670467734337,0.5306888818740845,3.240316152572632,0.004326967988163233,0.009032174944877625,0.6396200000000001,0.77204,0.50866,15620.0,12734.9931640625,0.18071222305297852,0.15878166258335114,0.03368615731596947,0.0263515617698431,-0.03505672141909599,-0.02362762950360775,0.048733100295066833,0.4511681795120239,0.013000000000000001,0.026000000000000002,0.126,0.45799999999999996,0.004764828365296125,0.0033601110335439444,0.6897556682280976,0.6854191943191812
High income,Croatia,HRV,0.04858967289328575,0.6126156449317932,5.207458972930908,0.013289855793118477,-0.0025389976799488068,0.69978,0.73397,0.6653199999999999,22080.0,13783.7783203125,0.20138370990753174,0.23346666991710663,0.03208969160914421,0.04040638729929924,0.007384289521723986,0.009138800203800201,0.04081442207098007,,0.004,0.006,0.024,0.3,-0.005326759070158005,-0.006373758893460035,0.6288902221104037,0.6158728262882572
Upper middle income,Cuba,CUB,0.04398830607533455,0.4845505356788635,4.414557456970215,0.00804363377392292,0.0014869102742522955,0.635,0.77422,0.49571,,,0.24559888243675232,,-0.0020348893012851477,0.0006137261516414583,,,,,,,,,-0.0036498697008937597,-0.004668073728680611,0.6813697046653837,0.6539697604539165
High income,Curaçao,CUW,0.04230361059308052,0.6787683367729187,5.107937335968018,0.005804792046546936,0.001797617063857615,,,,,,0.20726224780082703,,-0.01314197015017271,-0.013064264319837093,,-0.21748434007167816,0.053355418145656586,,,,,,0.00029656870174221694,-0.0013246933231130242,0.6829036858123316,0.6754262804645462
High income,Cyprus,CYP,0.035501185804605484,0.536577582359314,6.760497570037842,0.0073450771160423756,0.0038411756977438927,0.79879,0.8415699999999999,0.75425,32980.0,23927.515625,0.15106597542762756,0.21556499600410461,0.04769716411828995,0.03793217986822128,-0.051430828869342804,-0.06029965355992317,0.9304482936859131,,0.0,0.0,0.0,0.315,0.009844496846199036,0.006331529933959246,0.6931163778950175,0.6782026516582971
High income,Czechia,CZE,0.05270596593618393,0.5115020871162415,5.894139289855957,0.002427496016025543,0.009856604039669037,0.77215,0.83029,0.7112999999999999,29140.0,24390.123046875,0.2153552770614624,0.25419166684150696,0.02109217457473278,0.01775829680263996,-0.005765913985669613,0.0012003144947811961,0.03703410178422928,,0.0,0.001,0.006,0.259,-0.006855912506580353,-0.0027594270650297403,0.6375732021070694,0.6349084405898118
Lower middle income,Côte d’Ivoire,CIV,0.057065460830926895,0.33192017674446106,2.483701467514038,0.00961074698716402,0.004810140002518892,0.6778400000000001,0.74996,0.6022500000000001,2510.0,2326.3271484375,0.20400571823120117,0.30684998631477356,0.05801516771316528,0.0316263847053051,0.0011923449346795678,-0.030145563185214996,0.015661470592021942,0.459040105342865,0.209,0.41700000000000004,0.809,0.353,0.02436182089149952,0.022473426535725594,0.5651967183802459,0.5881815500794586
High income,Denmark,DNK,0.0452512763440609,0.6011828184127808,5.019566059112549,0.004884965717792511,0.001797617063857615,0.80913,0.8318000000000001,0.78602,73790.0,65758.4375,0.17311862111091614,0.23005832731723785,0.024589283391833305,0.018847540020942688,0.07238747179508209,0.08637601137161255,0.023097263649106026,,0.002,0.003,0.008,0.293,0.00490980502218008,0.0018731787567958236,0.634375462156532,0.6184923696911951
Lower middle income,Djibouti,DJI,0.04901127144694328,0.6335685849189758,3.601253032684326,0.010007699951529503,0.0022091122809797525,0.33555,0.47723,0.19681,3540.0,3278.53564453125,0.30278638005256653,0.031209999695420265,0.05275195464491844,0.03743220120668411,0.14939580857753754,0.11341594904661179,0.0498993955552578,0.875295102596283,0.254,0.43700000000000006,0.8079999999999999,0.41600000000000004,0.013592173345386982,0.01275886595249176,0.6597912078321448,0.6701282234551392
Upper middle income,Dominica,DMA,0.047225821763277054,0.4845505356788635,5.6111836433410645,0.00804363377392292,0.0014869102742522955,,,,10220.0,,0.24559888243675232,0.17037001252174377,0.0006180806085467339,0.006723447702825069,,-0.2543603181838989,0.05902750790119171,0.9072134494781494,,,,,-0.00459632370620966,-0.004710793029516935,0.6917075749565743,0.6897723199675856
Upper middle income,Dominican Republic,DOM,0.03529936447739601,0.4265059530735016,5.1086344718933105,0.01321987621486187,0.002551455283537507,0.6914199999999999,0.8014,0.58166,10280.0,8618.3798828125,0.24618352949619293,0.24825333058834076,0.04571109265089035,0.03547335043549538,-0.0346280001103878,-0.02325352467596531,0.03520004078745842,0.43382251262664795,0.013000000000000001,0.03,0.16899999999999998,0.384,0.008461999706923962,0.006558183580636978,0.6554187391058298,0.6597381389768463
Upper middle income,Ecuador,ECU,0.0386924110352993,0.5295876860618591,5.642492771148682,0.003653031075373292,0.008629368618130684,0.6786,0.8006399999999999,0.55641,6430.0,5853.81298828125,0.2450142353773117,0.2216566652059555,0.01138557493686676,-0.000923281186260283,-0.007157036568969488,0.010390304028987885,0.008061406202614307,0.49991822242736816,0.047,0.1,0.308,0.446,0.00860548485070467,0.008194273337721825,0.6720015229816805,0.6846972155174389
Lower middle income,"Egypt, Arab Rep.",EGY,0.049627941101789474,0.3615131974220276,1.6049591302871704,0.014313386753201485,0.0012232102453708649,0.45293999999999995,0.73488,0.16259,3510.0,3964.9873046875,0.141116663813591,0.1252966672182083,0.042395785450935364,0.0245884470641613,-0.03305166959762573,-0.03801213204860687,0.023399269208312035,0.4244789779186249,0.013999999999999999,0.071,0.585,0.285,0.017332419753074646,0.013989823870360851,0.6288904954666925,0.6511466950057618
Upper middle income,El Salvador,SLV,0.041529685258865356,0.5213456153869629,5.021202564239502,0.01188324298709631,-0.0055300467647612095,0.64913,0.80561,0.50973,5120.0,4002.59130859375,0.17066659033298492,0.22188833355903625,0.023878075182437897,0.021074341610074043,-0.03770605847239494,-0.023870166391134262,0.019186386838555336,0.6717535257339478,0.046,0.086,0.299,0.39799999999999996,0.004517625086009502,0.0033655560109764338,0.6704526037626181,0.6844404352528708
Upper middle income,Equatorial Guinea,GNQ,0.05895557999610901,0.4845505356788635,3.229602098464966,0.00804363377392292,0.0014869102742522955,0.61939,0.6812,0.5453399999999999,4740.0,7367.96826171875,0.24861103296279907,0.2889699935913086,-0.04189400002360344,-0.07204978168010712,-0.0733216181397438,,0.05522105097770691,,0.08800000000000001,0.215,0.581,0.385,0.024047264829277992,0.021771423518657684,0.590266452102267,0.5996926897479549
Low income,Eritrea,ERI,0.04769023880362511,0.5202069878578186,2.2917304039001465,0.010602852329611778,0.0005836357595399022,0.80538,0.85762,0.75493,,665.28955078125,0.004354557022452354,,,,0.10302117466926575,,,,,,,,0.01861688494682312,0.020750083029270172,0.5766010776662425,0.5976806243429389
High income,Estonia,EST,0.04413750767707825,0.6067124009132385,5.677896022796631,0.0018043698510155082,0.005921186879277229,0.81218,0.8157,0.80857,28700.0,20855.435546875,0.2492217719554901,0.27386167645454407,0.01835433579981327,0.014077463187277317,0.01120092160999775,-0.006520214956253767,0.0628579780459404,,0.005,0.006999999999999999,0.02,0.32299999999999995,-0.004875837359577417,-0.005385496187955141,0.6306504888478596,0.6277050013356136
Lower middle income,Eswatini,SWZ,0.0589866042137146,0.612078845500946,2.669400453567505,0.00880869198590517,0.013236095197498798,0.49884999999999996,0.51802,0.48036,3580.0,3829.00146484375,0.1394844949245453,0.13989832997322083,0.021782875061035156,0.012822063639760017,0.04619469866156578,0.04602111503481865,0.00874392781406641,0.26947030425071716,0.445,0.583,0.7929999999999999,0.546,0.009959133341908455,0.009560148231685162,0.6238578910969919,0.6432062235482356
,Ethiopia,ETH,0.0413782112300396,0.08436375111341476,,0.0,-0.03762079402804375,0.6908299999999999,0.79191,0.5904,,,0.32561931014060974,0.23718000948429108,,,,,,,,,,0.311,0.02583504095673561,0.02329287864267826,0.5771009970920932,0.5874022655287116
High income,Faroe Islands,FRO,0.04230361059308052,0.5460877418518066,5.107937335968018,0.005804792046546936,0.001797617063857615,,,,,,0.20726224780082703,,0.025118950754404068,0.012118657119572163,,,,,,,,,0.01245997566729784,0.006463478319346905,0.6229659112446863,0.6202829580888732
Upper middle income,Fiji,FJI,0.08231174945831299,0.48862648010253906,2.5910239219665527,0.003573621856048703,0.0027787620201706886,0.60302,0.79571,0.41200000000000003,5680.0,,0.24559888243675232,0.19618000090122223,0.020579593256115913,0.019366495311260223,,-0.1027645692229271,0.05840900540351868,0.6151512265205383,0.047,0.151,0.613,0.307,0.005007218103855848,0.004020215943455696,0.6641974883288256,0.6718651063653432
High income,Finland,FIN,0.03600906580686569,0.5828769207000732,6.304070949554443,0.005969790741801262,-0.003783272812142968,0.79863,0.80283,0.79425,51710.0,49167.84765625,0.2080165445804596,0.22876499593257904,0.008554411120712757,0.00538798188790679,-0.008778512477874756,-0.007176967803388834,0.030928395688533783,,0.001,0.001,0.003,0.27899999999999997,0.002874719211831689,-0.0015588559908792377,0.6146957694434018,0.6123628879636469
High income,France,FRA,0.037889111787080765,0.6309785842895508,5.989777088165283,0.006198677234351635,-0.0036886308807879686,0.73792,0.76583,0.71056,45180.0,45838.1484375,0.196367546916008,0.19938333332538605,0.011173044331371784,0.007902483455836773,-0.009458356536924839,-0.005039956420660019,0.01964378170669079,,0.001,0.001,0.004,0.312,0.0016499016201123595,0.0013325082836672664,0.6134831707516066,0.6045049590515638
High income,French Polynesia,PYF,0.04230361059308052,0.5460877418518066,5.107937335968018,0.005804792046546936,0.001797617063857615,0.59651,0.66404,0.52746,,,0.20726224780082703,,0.01652001217007637,0.01463418360799551,,0.06480801850557327,0.0027773366309702396,,,,,,0.0024479294661432505,0.002278935629874468,0.695745130080392,0.6879509992242946
Upper middle income,Gabon,GAB,0.054725825786590576,0.2753954529762268,2.2304067611694336,0.015108312480151653,-0.016694778576493263,0.53119,0.62228,0.43500999999999995,7550.0,7116.796875,0.4294368624687195,0.3297249972820282,0.019366467371582985,-0.0055798799730837345,0.011684331111609936,0.00980288628488779,0.0728154182434082,0.3783508837223053,0.038,0.08,0.32899999999999996,0.38,0.02156365104019642,0.01948665827512741,0.5943289976196867,0.6098090569989468
Low income,"Gambia, The",GMB,0.06849870830774307,0.5202069878578186,2.314190626144409,-0.0003933943808078766,0.0005836357595399022,0.48668,0.50784,0.46587,890.0,701.9605712890625,0.19026479125022888,0.224673330783844,0.0449671745300293,0.020664773881435394,-0.06393991410732269,-0.04664665460586548,0.07432549446821213,0.5529996752738953,0.22,0.402,0.782,0.38799999999999996,0.022773025557398796,0.019717855378985405,0.5667377116744188,0.5951260545277063
Upper middle income,Georgia,GEO,0.04448944702744484,0.46699827909469604,4.660987377166748,0.00804363377392292,0.0014869102742522955,0.6884600000000001,0.7709999999999999,0.61287,8200.0,4773.4208984375,0.21793495118618011,0.2296316772699356,0.05341304838657379,0.05464564263820648,-0.09367803484201431,-0.08157917112112045,0.07919888943433762,0.7949728965759277,0.057999999999999996,0.14,0.491,0.348,4.67488425783813e-05,-0.001178029109723866,0.6356354410965236,0.639094488334386
High income,Germany,DEU,0.03641726076602936,0.6373511552810669,4.118252754211426,0.0012094188714399934,0.003181666135787964,0.7996599999999999,0.83804,0.7600199999999999,54960.0,47409.34765625,0.18382805585861206,0.2130100131034851,0.008958824910223484,0.005884356796741486,0.06627557426691055,0.0698622316122055,0.02451712265610695,,0.002,0.002,0.005,0.324,4.743925092043355e-05,-0.0027081852313131094,0.628942524078782,0.5988729677948985
Lower middle income,Ghana,GHA,0.04200629144906998,0.4958328306674957,2.791668176651001,0.012549808248877525,0.0022091122809797525,0.64494,0.65628,0.63367,2320.0,2099.18896484375,0.2717958390712738,0.13574500381946564,0.043371669948101044,0.022855237126350403,-0.06404198706150055,-0.02965705655515194,0.041790951043367386,0.5430606007575989,0.39,0.563,0.8540000000000001,0.435,0.01875000074505806,0.016683252528309822,0.6047353659025241,0.6230641527730209
High income,Gibraltar,GIB,0.04230361059308052,0.5460877418518066,5.107937335968018,0.005804792046546936,0.001797617063857615,,,,,,0.20726224780082703,,,,,,,,,,,,0.02205744944512844,0.013878975063562393,0.6473721681202166,0.6315650203062622
High income,Greece,GRC,0.031672779470682144,0.5401120185852051,7.492499351501465,0.007631538435816765,-0.008702711202204227,0.6934699999999999,0.7669799999999999,0.62066,23030.0,24060.59765625,0.09588918089866638,0.2040383368730545,0.014287075959146023,0.019020846113562584,-0.03595507889986038,-0.044458191841840744,0.020680783316493034,,0.006,0.01,0.036000000000000004,0.33399999999999996,-0.01923016645014286,-0.004534762352705002,0.6284082715881605,0.6221467563692121
High income,Greenland,GRL,0.04230361059308052,0.5460877418518066,5.107937335968018,0.005804792046546936,0.001797617063857615,,,,,,0.20726224780082703,,0.011331983841955662,0.010212616063654423,,,,,,,,,-0.0014674041885882616,-0.0030290137510746717,0.683879690899811,0.645025930736324
Upper middle income,Grenada,GRD,0.04398830607533455,0.4845505356788635,5.273372173309326,0.00804363377392292,0.0014869102742522955,,,,10550.0,,0.24559888243675232,0.2615566551685333,0.02425011433660984,0.02159152179956436,,-0.13439472019672394,0.14569894969463348,0.5492067933082581,0.008,0.028999999999999998,0.196,0.43799999999999994,0.00107559934258461,0.0001787911169230938,0.6831943348335218,0.6852038666343171
High income,Guam,GUM,0.04230361059308052,0.5460877418518066,5.107937335968018,0.005804792046546936,0.001797617063857615,0.70477,0.7459399999999999,0.66159,,,0.20726224780082703,,-0.0006899748113937676,-0.00045862304978072643,,,,,,,,,0.007604371756315231,0.006157435476779938,0.6141485424104616,0.5997898467943047
Upper middle income,Guatemala,GTM,0.03910999000072479,0.4694507122039795,3.9389021396636963,0.011222301982343197,-0.0004861185443587601,0.62027,0.82488,0.42064999999999997,5780.0,4253.6025390625,0.14600513875484467,0.16700001060962677,0.034067314118146896,0.01804729551076889,-0.012430227361619473,0.018559614196419716,0.017582949250936508,0.2430318146944046,0.09699999999999999,0.17600000000000002,0.473,0.452,0.015412939712405205,0.013650859706103802,0.6357353727589471,0.6616247375761894
Lower middle income,Guinea,GIN,0.06846844404935837,0.42157411575317383,1.5613372325897217,0.010007699951529503,0.0022091122809797525,0.52855,0.63168,0.42935,1470.0,944.1529541015625,0.24931854009628296,0.14756999909877777,0.06029375270009041,0.035135991871356964,-0.14507319033145905,0.0342433787882328,0.04431820288300514,0.2304634302854538,0.11699999999999999,0.292,0.7659999999999999,0.29600000000000004,0.023959580808877945,0.02046065218746662,0.5564372657264316,0.5769092160614767
Low income,Guinea-Bissau,GNB,0.029659084975719452,0.5202069878578186,1.454681634902954,0.010602852329611778,0.0005836357595399022,0.6251599999999999,0.6920499999999999,0.56033,960.0,714.6619873046875,0.11888577044010162,0.20636333525180817,0.046624086797237396,0.02316989004611969,-0.03195793926715851,-0.0297671090811491,0.016734056174755096,0.5428953766822815,0.39899999999999997,0.621,0.914,0.33399999999999996,0.022052057087421417,0.019208315759897232,0.5802222906650095,0.6061666146698518
High income,Guyana,GUY,0.04230361059308052,0.5460877418518066,5.107937335968018,0.004836606793105602,0.001797617063857615,0.53283,0.6339,0.43796,20220.0,,0.20726224780082703,0.12750166654586792,0.18623654544353485,0.17653268575668335,,-0.07741531729698181,0.12322365492582321,0.174517422914505,0.13,0.215,0.542,0.451,0.005712439306080341,0.005816861521452665,0.6410451860305757,0.6441688079787465
Lower middle income,Haiti,HTI,0.012139689177274704,0.4958328306674957,13.305702209472656,0.007839334197342396,0.0022091122809797525,0.66511,0.71173,0.61937,1760.0,1382.72705078125,0.18565352261066437,0.11880332976579666,-0.0074310461059212685,-0.02008526772260666,-0.02381087653338909,-0.016413364559412003,0.006457989104092121,0.13287314772605896,0.40399999999999997,0.5920000000000001,0.882,0.41100000000000003,0.011547267436981201,0.010162713006138802,0.641061410872761,0.658946935791113
Lower middle income,Honduras,HND,0.04842296987771988,0.5474308133125305,4.388960838317871,0.016612619161605835,0.00012598640751093626,0.59204,0.76806,0.41355,3020.0,2482.119384765625,0.20952019095420837,0.2240566611289978,0.032126232981681824,0.014355276711285114,-0.05494944006204605,-0.036357130855321884,0.03845337778329849,0.37317055463790894,0.17,0.266,0.5329999999999999,0.46799999999999997,0.016846913844347,0.014615106396377087,0.6496107158301537,0.6618174210630181
High income,"Hong Kong SAR, China",HKG,0.03370685130357742,0.5265601277351379,5.77183198928833,0.004117758013308048,0.007860719226300716,0.71674,0.7907599999999999,0.6598099999999999,57100.0,44190.109375,0.2252575308084488,0.1824600100517273,0.010764222592115402,0.0067700911313295364,0.037244778126478195,0.07182526588439941,0.3458889126777649,,,,,,-0.0037455514539033175,-0.004673009738326073,0.6682503002902463,0.6225073411128379
High income,Hungary,HUN,0.04418903961777687,0.5365840196609497,5.9519453048706055,0.00679366709664464,0.004875880666077137,0.78188,0.8260500000000001,0.73705,20690.0,17736.78515625,0.18438196182250977,0.23578999936580658,0.02683725580573082,0.029629075899720192,0.019638895988464355,-0.002405411098152399,0.13535495102405548,,0.015,0.027000000000000003,0.051,0.302,-0.0010667990427464247,-0.003801692510023713,0.6460542172083283,0.6430458831329706
High income,Iceland,ISL,0.03705546632409096,0.6174178123474121,6.129336833953857,0.005725738126784563,0.010074368678033352,0.86792,0.89416,0.83974,78480.0,55145.625,0.20029489696025848,0.26404333114624023,0.03350544720888138,0.012327073141932487,0.018100999295711517,0.023271849378943443,-0.022150631994009018,,0.003,0.003,0.006,0.266,0.014951223507523537,0.006032426841557026,0.665917632509777,0.6563685597613599
Lower middle income,India,IND,0.05660703033208847,0.5334806442260742,3.830512523651123,0.011648331768810749,0.008405567146837711,0.58987,0.8107,0.3525,2650.0,1972.9818115234375,0.32146528363227844,0.33435001969337463,0.057958852499723434,0.047914374619722366,-0.021369842812418938,-0.010412851348519325,0.015668056905269623,0.17776253819465637,0.053,0.239,0.821,0.255,0.008907065726816654,0.007710995618253946,0.6822958015376437,0.6905535511065399
Upper middle income,Indonesia,IDN,0.038303129374980927,0.509304404258728,6.720887660980225,-0.001212709117680788,0.010311093181371689,0.6910599999999999,0.83151,0.54728,4910.0,3877.3837890625,0.3235258162021637,0.3124466836452484,0.04111297428607941,0.032031480222940445,-0.0191621296107769,-0.010969988070428371,0.01762251742184162,0.29613733291625977,0.054000000000000006,0.19899999999999998,0.6829999999999999,0.349,0.008138715289533138,0.00643733236938715,0.6811360175349687,0.6860544905186299
Upper middle income,"Iran, Islamic Rep.",IRN,0.03651389479637146,0.39282485842704773,6.2691969871521,0.020797081291675568,1.4976109014241956e-05,0.44049999999999995,0.72131,0.14939,4660.0,4796.5,0.2046164870262146,0.3675883412361145,0.024271510541439056,0.012626420706510544,0.04542936384677887,,0.005471130833029747,0.02446921542286873,0.025,0.075,0.361,0.359,0.010528692044317722,0.005266609136015177,0.6932041539193867,0.7032518513985405
Upper middle income,Iraq,IRQ,0.046288348734378815,0.296306312084198,2.7947096824645996,0.007834551855921745,0.007994819432497025,0.4293,0.7434099999999999,0.11413000000000001,6030.0,4751.52001953125,0.16847139596939087,,0.016902990639209747,-0.006184163969010115,0.03383506089448929,0.07602615654468536,-0.02222883328795433,0.0756148174405098,0.005,0.024,0.28,0.298,0.021247679367661476,0.019321631640195847,0.6000426349715581,0.6305087674331666
High income,Ireland,IRL,0.07471609115600586,0.30898788571357727,3.4198176860809326,0.005883846431970596,0.007718768902122974,0.77494,0.81851,0.732,77920.0,80365.4140625,0.25756436586380005,0.19512666761875153,0.07075728476047516,0.05633670464158058,0.023665770888328552,0.014538122341036797,0.15571771562099457,,0.002,0.002,0.003,0.299,0.011172900907695293,0.006832039449363947,0.6555243631443664,0.6577644342127423
High income,Isle of Man,IMN,0.04230361059308052,0.5460877418518066,5.107937335968018,0.005804792046546936,0.001797617063857615,,,,,,0.20726224780082703,,0.0022952486760914326,0.0019381565507501364,,,,,,,,,-5.940888149780221e-05,-0.00163761037401855,0.6262379619892943,0.6078956813015911
High income,Israel,ISR,0.047001875936985016,0.4990631341934204,3.6063895225524902,0.009804975241422653,0.0034455531276762486,0.7377800000000001,0.75143,0.72405,52940.0,39243.3671875,0.21230359375476837,0.25283166766166687,0.03408465534448624,0.014687171205878258,0.030259715393185616,0.03649378567934036,0.041814129799604416,,0.006999999999999999,0.01,0.042,0.379,0.014022077433764935,0.013210659846663475,0.6003804614903918,0.610065375194042
High income,Italy,ITA,0.03916379064321518,0.511646032333374,6.708603382110596,0.006825275253504515,-0.00781917478889227,0.6685599999999999,0.7578499999999999,0.57835,38290.0,35510.7109375,0.15952400863170624,0.24204999208450317,0.010365583002567291,0.012603076174855232,0.00824643112719059,0.017583787441253662,0.012395990081131458,,0.006999999999999999,0.006999999999999999,0.016,0.337,-0.0026351907290518284,-0.004390198737382889,0.6348291868001592,0.6124544473005866
Upper middle income,Jamaica,JAM,0.031195854768157005,0.608830451965332,5.845552444458008,0.0029391185380518436,-0.005437274929136038,0.7223900000000001,0.78117,0.66416,6490.0,5053.65234375,0.21639570593833923,0.25055167078971863,0.007026745937764645,0.00541383633390069,-0.057945944368839264,-0.004008946008980274,0.03697497397661209,0.7902557849884033,0.013999999999999999,0.051,0.22899999999999998,0.39899999999999997,-0.00021518020366784185,-0.0026462364476174116,0.7308800972113378,0.727631838690103
High income,Japan,JPN,0.041639890521764755,0.5874878764152527,5.431950092315674,0.0035421843640506268,0.0004262615693733096,0.8191200000000001,0.8748900000000001,0.76172,36030.0,49277.578125,0.1792382299900055,0.26194998621940613,0.005087598226964474,0.007715101819485426,-0.004686090629547834,0.0356224849820137,0.006569093093276024,,0.012,0.015,0.032,0.32299999999999995,-0.004980633035302162,-0.006035795900970697,0.5878312800410295,0.5847035929431483
Lower middle income,Jordan,JOR,0.02507396601140499,0.49322444200515747,6.550228118896484,0.0019876817241311073,-9.839793347055092e-05,0.40917000000000003,0.6481600000000001,0.14971,4430.0,4139.3798828125,0.20015686750411987,0.28749167919158936,0.0209171362221241,-0.006395381409674883,-0.08736958354711533,-0.07010899484157562,0.026731690391898155,0.8735793828964233,0.001,0.009000000000000001,0.153,0.337,0.009887220337986946,0.016444917768239975,0.6480839922457404,0.666059337881893
Upper middle income,Kazakhstan,KAZ,0.06561155617237091,0.37341922521591187,3.322692394256592,0.0014369837008416653,0.01319428626447916,0.7945399999999999,0.82596,0.76402,12150.0,11402.759765625,0.3396129012107849,0.27088168263435364,0.029215669259428978,0.014733923599123955,-0.005421771202236414,-0.027251558378338814,0.03198482468724251,0.6231074929237366,0.0,0.003,0.152,0.292,0.012827636674046516,0.010332523845136166,0.619734854865864,0.6198546274624779
Lower middle income,Kenya,KEN,0.0513228178024292,0.540175199508667,2.2891783714294434,0.015858592465519905,0.006972216535359621,0.67208,0.71697,0.6278199999999999,2110.0,1600.1170654296875,0.19609445333480835,0.1865183264017105,0.044817473739385605,0.024488065391778946,-0.06733332574367523,-0.05255279690027237,0.0068849967792630196,0.397173136472702,0.46399999999999997,0.679,0.9129999999999999,0.387,0.019575143232941628,0.017957711592316628,0.6019777330598086,0.624057910902711
Lower middle income,Kiribati,KIR,0.04731427878141403,0.4958328306674957,3.8872413635253906,0.010007699951529503,0.0022091122809797525,,,,3620.0,,0.24913693964481354,,0.04671166464686394,0.03131815046072006,,0.18756923079490662,0.0055039203725755215,,0.061,0.22,0.7490000000000001,0.278,0.014888984151184559,0.01308081578463316,0.6106952229441414,0.6231279063003631
Low income,"Korea, Dem. People's Rep.",PRK,0.04769023880362511,0.5202069878578186,2.2917304039001465,0.010602852329611778,0.0005836357595399022,0.88996,0.9098900000000001,0.8698,,,0.20545710623264313,,,,,,,,,,,,0.0030469989869743586,0.0008548391051590443,0.6865302847601948,0.6689197517549391
High income,"Korea, Rep.",KOR,0.05315270647406578,0.5459231734275818,5.107937335968018,0.008968403562903404,0.006843532435595989,0.70891,0.77838,0.63549,,29003.900390625,0.32467859983444214,0.31473666429519653,0.023666638880968094,0.02157152257859707,0.047299791127443314,0.04355628043413162,0.008704811334609985,,0.002,0.002,0.005,0.32899999999999996,-0.0006021089502610266,-0.0024473927915096283,0.7015836004732627,0.6650450388024509
Upper middle income,Kosovo,XKX,0.04398830607533455,0.4845505356788635,4.414557456970215,0.00804363377392292,0.0014869102742522955,,,,7180.0,4233.3974609375,0.2969401776790619,0.3345283567905426,0.041092947125434875,0.05822782590985298,-0.07856468856334686,-0.07654585689306259,0.053368598222732544,0.40525221824645996,0.25,0.284,0.47,0.494,-0.009005559608340263,-6.019405986990023e-07,0.6921506537906802,0.7018935557705823
High income,Kuwait,KWT,0.06078703701496124,0.24949263036251068,3.4724392890930176,0.008230876177549362,-0.047315455973148346,0.75398,0.89301,0.50965,40250.0,27212.162109375,0.1915733516216278,0.16475999355316162,0.0025796308182179928,-0.02793327532708645,0.23911578953266144,0.19132229685783386,0.002345602260902524,,,,,,0.019589733332395554,0.00908589456230402,0.7867635219928231,0.7909202278841084
Lower middle income,Kyrgyz Republic,KGZ,0.03732498362660408,0.39992472529411316,4.3565754890441895,0.010190987959504128,-3.927891157218255e-05,0.69379,0.82336,0.56831,2150.0,1226.1829833984375,0.2391698956489563,0.19750165939331055,0.04468090832233429,0.024525832384824753,-0.12231896817684174,-0.12935757637023926,0.035727329552173615,0.6663037538528442,0.045,0.221,0.768,0.264,0.015778271481394768,0.0127688804641366,0.6197649488053799,0.6326658993302849
Lower middle income,Lao PDR,LAO,0.04750734940171242,0.39763110876083374,4.198742389678955,0.008265706710517406,-0.009094481356441975,0.68616,0.72721,0.6447400000000001,2000.0,,0.24913693964481354,,0.04536250978708267,0.03059590794146061,,-0.05294939503073692,0.06834733486175537,1.2844825983047485,0.157,0.35,0.753,0.38799999999999996,0.013583269901573658,0.011145129799842834,0.6513580946995033,0.664566078135719
High income,Latvia,LVA,0.03172896429896355,0.6222570538520813,7.8771514892578125,0.004391146823763847,0.016267457976937294,0.76445,0.7874099999999999,0.7421099999999999,21930.0,16765.1796875,0.21263191103935242,0.2144683301448822,0.021810952574014664,0.02862548641860485,-0.0015200595371425152,-0.009943529963493347,0.03578445687890053,,0.004,0.006999999999999999,0.028999999999999998,0.337,-0.005606967955827713,-0.00832697656005621,0.6285086876957099,0.6234900100949613
Lower middle income,Lebanon,LBN,0.03383820503950119,0.4445175230503082,6.519384384155273,0.010007699951529503,0.0022091122809797525,,,,,6824.88671875,0.2521827220916748,,-0.043211929500103,-0.032689329236745834,-0.2067970335483551,-0.21979182958602905,0.04008088260889053,3.3018434047698975,0.001,0.003,0.055,0.318,0.0056080506183207035,0.008791593834757805,0.6367497442068811,0.6530697721815627
Lower middle income,Lesotho,LSO,0.043466199189424515,0.6611288785934448,4.9423627853393555,-0.004402450285851955,0.0022091122809797525,0.59667,0.6876300000000001,0.51035,1170.0,1077.125732421875,0.23535841703414917,0.3728783428668976,0.0011414699256420135,-0.01052236557006836,-0.051636289805173874,-0.06720297783613205,0.012223463505506516,0.838359534740448,0.419,0.568,0.838,0.449,0.011164489202201366,0.010535215958952904,0.6162431053863817,0.6452907458983083
Low income,Liberia,LBR,0.05257577449083328,0.5202069878578186,2.2692699432373047,0.013852795585989952,0.0005836357595399022,0.77728,0.82109,0.73406,760.0,650.4133911132812,0.20545710623264313,,0.015285997651517391,-0.005392912775278091,-0.23437467217445374,-0.0860145166516304,0.12168363481760025,0.4733614921569824,0.336,0.55,0.883,0.353,0.0215725339949131,0.01922212541103363,0.5716541266177038,0.5958537710575906
Upper middle income,Libya,LBY,0.04398830607533455,0.4845505356788635,4.414557456970215,0.00804363377392292,0.0014869102742522955,0.5161399999999999,0.6709,0.35496,6310.0,5977.04345703125,0.43685996532440186,0.23833833634853363,0.012061198242008686,-0.0017753163119778037,0.00695146294310689,0.03544709458947182,0.016992252320051193,,,,,,0.010262993164360523,0.010657151229679585,0.675683777167474,0.6945922398679197
High income,Liechtenstein,LIE,0.04230361059308052,0.6400063633918762,5.107937335968018,0.005804792046546936,0.001797617063857615,,,,,,0.20726224780082703,,,,,,3.8864173889160156,,,,,,0.006845549680292606,0.0046708593145012856,0.6501128668171559,0.6122154264356099
High income,Lithuania,LTU,0.04770228639245033,0.5708025097846985,4.401538372039795,0.00710306828841567,0.010850184597074986,0.7832399999999999,0.7938500000000001,0.77254,26950.0,18788.33203125,0.18093764781951904,0.22620666027069092,0.031121810898184776,0.032810963690280914,0.00021852862846571952,0.007787503767758608,0.0408879891037941,,0.008,0.011000000000000001,0.026000000000000002,0.366,0.0017541809938848019,-0.008163947612047195,0.6512753359044137,0.6355890462385242
High income,Luxembourg,LUX,0.04489203914999962,0.4983319044113159,4.937788009643555,0.006503281649202108,-0.00868428684771061,0.7410899999999999,0.77377,0.7068899999999999,91470.0,111813.9609375,0.17530305683612823,0.14931833744049072,0.018139902502298355,-0.0015988911036401987,0.002881810301914811,0.08210152387619019,-0.32741814851760864,,0.001,0.001,0.002,0.341,0.011864421889185905,0.008550223894417286,0.6874639692379011,0.6658427529926422
High income,"Macao SAR, China",MAC,0.0325811505317688,0.32206133008003235,5.924307823181152,0.014255354180932045,-0.016542239114642143,0.75087,0.8428100000000001,0.67667,,,0.20726224780082703,0.14735166728496552,-0.02653026580810547,-0.036517925560474396,,0.23987752199172974,0.037260644137859344,,,,,,0.008855328895151615,0.001784940017387271,0.7182143442247405,0.6891678884747776
Low income,Madagascar,MDG,0.037922926247119904,0.5202069878578186,2.9952328205108643,0.0031970117706805468,0.0005836357595399022,0.86374,0.8860399999999999,0.8414100000000001,510.0,488.91387939453125,0.2735094130039215,0.24407833814620972,0.027762683108448982,0.002239169320091605,-0.03238826245069504,-0.023440564051270485,0.03300301730632782,0.40657535195350647,0.877,0.9359999999999999,0.987,0.425,0.024352476000785828,0.022001948207616806,0.5733799070457034,0.5865815184253708
Low income,Malawi,MWI,0.07361495494842529,0.5202069878578186,0.8723241090774536,0.016972878947854042,0.0005836357595399022,0.67547,0.7149800000000001,0.63859,540.0,576.7085571289062,0.13618090748786926,0.11427000164985657,0.028823651373386383,0.0023686266504228115,-0.1272793859243393,-0.1511758267879486,0.014731374569237232,0.2835434079170227,0.754,0.873,0.971,0.385,0.02576414681971073,0.02441234700381756,0.5670832747256259,0.595639338381964
Upper middle income,Malaysia,MYS,0.05624910071492195,0.39671948552131653,4.079553604125977,0.008412799797952175,0.0011899478267878294,0.6991700000000001,0.8191200000000001,0.56355,11670.0,11401.3017578125,0.24873270094394684,0.21511000394821167,0.03864040598273277,0.023938491940498352,0.047630343586206436,0.028377557173371315,0.03148198500275612,,0.0,0.001,0.028999999999999998,0.40700000000000003,0.012205889448523521,0.010258270427584648,0.7047575539496419,0.714873722062925
Upper middle income,Maldives,MDV,0.04600779339671135,0.4845505356788635,7.1068830490112305,0.03812694177031517,0.0014869102742522955,0.66385,0.79022,0.43145000000000006,11650.0,10207.4990234375,0.29122525453567505,0.20000000298023224,0.046240463852882385,0.021862952038645744,-0.14214545488357544,-0.2061045914888382,0.11365875601768494,0.6069316267967224,0.0,0.0,0.11199999999999999,0.293,0.0034257236402481794,0.003891438478603959,0.7576776386465303,0.7727783985309459
Low income,Mali,MLI,0.048246704041957855,0.5202069878578186,1.6145411729812622,0.015137946233153343,0.0005836357595399022,0.7088800000000001,0.8162699999999999,0.59895,1020.0,799.4278564453125,0.23073917627334595,0.16777333617210388,0.04132148623466492,0.010691286064684391,-0.058711133897304535,-0.05435841903090477,0.02764088287949562,0.2622562646865845,0.361,0.595,0.8859999999999999,0.35700000000000004,0.02941150777041912,0.027522720396518707,0.5147370076849385,0.5366238818130553
High income,Malta,MLT,0.0656169205904007,0.4594935178756714,3.2796778678894043,0.010090976022183895,0.005784816574305296,0.80878,0.87331,0.73406,34660.0,33407.43359375,0.19082804024219513,0.193396657705307,0.061950355768203735,0.03381195291876793,0.04290434345602989,0.08912459760904312,2.045179843902588,,0.001,0.002,0.006999999999999999,0.34600000000000003,0.012402228079736233,0.002028239192441106,0.6675719551451335,0.6569097754720329
Upper middle income,Marshall Islands,MHL,0.04398830607533455,0.6779271364212036,4.414557456970215,0.00804363377392292,0.0014869102742522955,,,,8380.0,,0.24559888243675232,,0.019118187949061394,0.04734964296221733,,0.17437896132469177,0.00909467600286007,,0.021,0.067,0.365,0.355,-0.033495765179395676,-0.02723429910838604,0.6088473420688185,0.6274830455485546
Lower middle income,Mauritania,MRT,0.047121211886405945,0.4040895700454712,3.7715466022491455,0.008440151810646057,0.004050970543175936,0.41889000000000004,0.57981,0.27027999999999996,2090.0,1624.3577880859375,0.41448789834976196,0.2986150085926056,0.03865334019064903,0.009146483615040779,-0.14027217030525208,-0.11136236041784286,0.07293294370174408,0.4321894943714142,0.102,0.26,0.7120000000000001,0.32,0.028839590027928352,0.025616923347115517,0.5406037320998172,0.5593120559608137
Upper middle income,Mauritius,MUS,0.03965526446700096,0.4561346471309662,3.629150390625,0.006121376529335976,0.003600397612899542,0.64897,0.7831600000000001,0.50994,12850.0,10606.8271484375,0.18680408596992493,0.25832998752593994,0.023491714149713516,0.02362651750445366,-0.06361230462789536,-0.06459009647369385,0.03173956274986267,1.3652982711791992,0.005,0.023,0.191,0.368,-0.0019011644180864096,-0.0030750029254704714,0.7166324855310348,0.6914503581760711
Upper middle income,Mexico,MEX,0.038299985229969025,0.3809114992618561,4.0077714920043945,0.007093832362443209,-0.00849204882979393,0.6612699999999999,0.81769,0.5163300000000001,12800.0,9819.3955078125,0.21079134941101074,0.24099500477313995,0.013315810821950436,0.0044714659452438354,-0.016464702785015106,-0.008823276497423649,0.026825258508324623,0.33220985531806946,0.023,0.057,0.27399999999999997,0.435,0.008605154231190681,0.0068445149809122086,0.6724193708825731,0.6790697046584319
Lower middle income,"Micronesia, Fed. Sts.",FSM,0.04731427878141403,0.4958328306674957,3.8872413635253906,0.010007699951529503,0.0022091122809797525,,,,4250.0,,0.24913693964481354,,0.009435504674911499,0.005134349688887596,,,,,0.261,0.43799999999999994,0.7809999999999999,0.401,0.004694636445492506,0.004746960010379553,0.6220235859686021,0.6295299936828264
Upper middle income,Moldova,MDA,0.061781592667102814,0.5130959749221802,3.4199209213256836,0.002884324872866273,0.028915373608469963,0.72517,0.72268,0.7273900000000001,6940.0,3436.993896484375,0.2509770393371582,0.230021670460701,0.01676822081208229,0.034674957394599915,-0.07064369320869446,-0.10012310743331909,0.0249316543340683,0.6365926861763,0.0,0.003,0.19699999999999998,0.259,-0.010524134151637554,-0.010212530381977558,0.6399976210563532,0.6394979125673514
High income,Monaco,MCO,0.04230361059308052,0.5460877418518066,5.107937335968018,0.005804792046546936,0.001797617063857615,,,,,,0.20726224780082703,,0.042435210198163986,0.03406136482954025,,,,,,,,,-0.00837774109095335,-0.003766382113099098,0.503611089539489,0.49417920034255736
Upper middle income,Mongolia,MNG,0.049311403185129166,0.40575316548347473,4.709179878234863,-0.003256946336477995,0.025447417050600052,0.6463500000000001,0.7183499999999999,0.57449,5350.0,4346.19580078125,0.3346157968044281,0.32625168561935425,0.03600282967090607,0.018644841387867928,-0.2092687487602234,-0.09537217766046524,0.06828569620847702,1.6886141300201416,0.004,0.023,0.244,0.314,0.012626494280993938,0.009770315140485764,0.6266905286660491,0.6569700165833093
Upper middle income,Montenegro,MNE,0.04227494075894356,0.4845505356788635,3.5004100799560547,0.00804363377392292,0.0014869102742522955,0.5979800000000001,0.6638299999999999,0.5342600000000001,12020.0,7681.099609375,0.33247190713882446,0.24875333905220032,0.030781583860516548,0.030767638236284256,-0.14876575767993927,-0.1512748748064041,0.10170520097017288,1.1441991329193115,0.025,0.04,0.145,0.34299999999999997,0.007746705319732428,-0.005681213922798634,0.6404107577623992,0.6293008946856764
Lower middle income,Morocco,MAR,0.05133901536464691,0.4646768271923065,4.101117134094238,0.011585764586925507,0.007084587123245001,0.4767,0.7357299999999999,0.21242999999999998,3760.0,3169.892822265625,0.29766181111335754,0.2877633273601532,0.02401440590620041,0.013112352229654789,-0.05399002134799957,-0.02762724831700325,0.018366079777479172,0.47963351011276245,0.037000000000000005,0.11599999999999999,0.49,0.395,0.009728276170790195,0.007005100604146719,0.6622843918174474,0.667935768266378
Low income,Mozambique,MOZ,0.05002545565366745,0.5396531224250793,5.094609260559082,0.007630533538758755,0.0005836357595399022,0.79097,0.79702,0.7854000000000001,550.0,605.4829711914062,0.30126726627349854,0.36478832364082336,0.03256707265973091,0.0030827068258076906,-0.28824833035469055,-0.23544712364673615,0.19983504712581635,3.1901791095733643,0.8220000000000001,0.894,0.968,0.503,0.029199404641985893,0.026590215042233467,0.527671675767271,0.5485426632855249
Lower middle income,Myanmar,MMR,0.06297797709703445,0.4958328306674957,3.190816640853882,0.009495512582361698,0.0022091122809797525,0.59666,0.74139,0.45204,1220.0,1443.6962890625,0.3052186965942383,0.31365999579429626,0.012512439861893654,0.005248562898486853,-0.020963983610272408,-0.03875080496072769,0.03779623657464981,0.18218298256397247,0.10300000000000001,0.29100000000000004,0.7979999999999999,0.307,0.0067436485551297665,0.00472964346408844,0.6839504359726665,0.6838513211941055
Lower middle income,Namibia,NAM,0.05513060837984085,0.529053270816803,4.188943386077881,0.005883369129151106,-0.012230683118104935,0.60424,0.6411199999999999,0.56887,4240.0,4552.544921875,0.2445364147424698,0.18294166028499603,0.011729932390153408,-0.01531334687024355,-0.07630403339862823,-0.09162827581167221,0.06088673323392868,,0.22899999999999998,0.35,0.611,0.591,0.022371523082256317,0.017603514716029167,0.5934730214634285,0.6109686314697704
High income,Nauru,NRU,0.04230361059308052,0.5460877418518066,5.107937335968018,0.005804792046546936,0.001797617063857615,,,,21260.0,,0.20726224780082703,,0.021871929988265038,0.011240038089454174,,0.01853853464126587,,,0.09699999999999999,0.217,0.685,0.324,0.006044850684702396,0.009549484588205814,0.593730381283221,0.62479035220829
Lower middle income,Nepal,NPL,0.042768534272909164,0.4958328306674957,3.5845491886138916,0.015581518411636353,0.0022091122809797525,0.42272,0.5681499999999999,0.29623,1470.0,1069.78955078125,0.2942379117012024,0.3868783116340637,0.04008684679865837,0.03318052738904953,0.006605153437703848,-0.02500016801059246,0.0034942098427563906,0.24285109341144562,0.024,0.091,0.526,0.3,-0.0014680096646770835,0.009149696677923203,0.6506737222448531,0.6690502953368184
High income,Netherlands,NLD,0.043700579553842545,0.558655858039856,4.521420955657959,0.004247083328664303,-0.0002825025876518339,0.85675,0.89117,0.82191,62840.0,56379.94921875,0.17140327394008636,0.1965533196926117,0.01982332393527031,0.013342263177037239,0.09064879268407822,0.07823540270328522,0.0010931440629065037,,0.001,0.001,0.003,0.257,0.007500764913856983,0.003455515718087554,0.6447827734021023,0.6226094468065279
High income,New Caledonia,NCL,0.04230361059308052,0.5460877418518066,5.107937335968018,0.005804792046546936,0.001797617063857615,0.6521399999999999,0.70307,0.60261,,,0.20726224780082703,,,,,-0.10154487192630768,0.07584235817193985,,,,,,0.009507221169769764,0.007584521546959877,0.6726774751870476,0.6618358980027765
High income,New Zealand,NZL,0.039214085787534714,0.5544352531433105,3.095522165298462,0.0032805283553898335,-0.0020431659650057554,0.83429,0.87116,0.79745,46280.0,40660.77734375,0.24685674905776978,0.22788666188716888,0.02518158033490181,0.008460844866931438,-0.03095841594040394,-0.04283387213945389,0.014421042986214161,,,,,,0.007915487512946129,0.004959805402904749,0.6468557199693744,0.6350290132928353
Lower middle income,Nicaragua,NIC,0.041810452938079834,0.5201038718223572,4.927903175354004,0.011031167581677437,-0.0007935969042591751,0.68158,0.8365900000000001,0.53176,2510.0,1984.8319091796875,0.26747235655784607,0.2700033485889435,0.026336902752518654,0.013229173608124256,-0.07408949732780457,-0.010913722217082977,0.06751755625009537,0.8515976071357727,0.066,0.157,0.465,0.462,0.013468713499605656,0.011297446675598621,0.6570753814320837,0.6717186471785715
Low income,Niger,NER,0.04713377356529236,0.3908874988555908,3.937242269515991,0.005900039803236723,0.006333005614578724,0.73298,0.8509300000000001,0.61052,660.0,523.8858032226562,0.2954387366771698,0.2003049999475479,0.05334487929940224,0.019215071573853493,-0.1332317441701889,-0.13379399478435516,0.044000137597322464,0.33613190054893494,0.605,0.797,0.961,0.32899999999999996,0.03281014785170555,0.02942744269967079,0.508045998484227,0.5304648722287527
Lower middle income,Nigeria,NGA,0.02819855511188507,0.31155726313591003,8.815670013427734,0.01549692265689373,0.01542244665324688,0.8336,0.84774,0.8190900000000001,1250.0,2502.65234375,0.1507091522216797,0.33349499106407166,0.017040353268384933,-0.005406604148447514,0.012852982617914677,0.007286629639565945,0.005141039378941059,0.2816620469093323,0.342,0.551,0.887,0.35100000000000003,0.020829778164625168,0.01935025490820408,0.5593749238155308,0.5876212451452201
Upper middle income,North Macedonia,MKD,0.04031408950686455,0.5248128175735474,4.414557456970215,0.00804363377392292,0.0014869102742522955,0.6593800000000001,0.7782800000000001,0.54254,8360.0,5351.6171875,0.27050188183784485,,0.021445339545607567,0.028207316994667053,-0.019278235733509064,-0.021520962938666344,0.04319741204380989,0.8002161383628845,0.039,0.07400000000000001,0.205,0.335,-0.004811749327927828,-0.006257311441004276,0.6515250336120119,0.6431456354417466
High income,Northern Mariana Islands,MNP,0.04230361059308052,0.5460877418518066,5.107937335968018,0.005804792046546936,0.001797617063857615,,,,,,0.20726224780082703,,0.00232781283557415,0.017868483439087868,,,,,,,,,-0.019347289577126503,-0.004155527800321579,0.6824572299700751,0.6582625344022975
High income,Norway,NOR,0.04131775349378586,0.3842278718948364,4.189478397369385,0.0040872106328606606,-0.007876577787101269,0.80389,0.8253499999999999,0.78148,98280.0,91593.40625,0.1947564333677292,0.2400766760110855,0.01526844035834074,0.007139595225453377,0.08921936899423599,0.10729525983333588,0.009870506823062897,,0.003,0.004,0.006999999999999999,0.26899999999999996,0.010363087989389896,0.003041400108486414,0.6502601019248081,0.6421235502399201
High income,Oman,OMN,0.03425923362374306,0.3026687204837799,6.719275951385498,0.005804792046546936,0.001797617063857615,0.69922,0.88893,0.32171,19280.0,14500.111328125,0.2615632116794586,0.2783333361148834,0.01990039087831974,-0.007830951362848282,-0.01800450310111046,-0.07705377787351608,0.04763185605406761,,,,,,0.044973861426115036,0.014256742782890797,0.7264107538372345,0.7400638718812806
Lower middle income,Pakistan,PAK,0.07844241708517075,0.4958328306674957,1.5295096635818481,-0.0045150103978812695,0.0022091122809797525,0.54931,0.83191,0.25765,1430.0,1489.6815185546875,0.14119338989257812,0.14948000013828278,0.036111682653427124,0.02018040232360363,-0.02432892471551895,-0.023079177364706993,0.006283990573137999,0.3872535526752472,0.165,0.447,0.884,0.29600000000000004,0.015095987357199192,0.016553780063986778,0.5903444124962346,0.6108778950897553
High income,Palau,PLW,0.04230361059308052,0.7712670564651489,5.107937335968018,0.005804792046546936,0.001797617063857615,,,,,,0.20726224780082703,0.32752665877342224,-0.01784650608897209,-0.017921745777130127,,-0.30490007996559143,0.17687249183654785,,,,,,-0.0018067872151732445,-0.0036191337276250124,0.7041338193325988,0.6915573204419889
High income,Panama,PAN,0.033658467233181,0.32837456464767456,5.306027889251709,0.005889605730772018,-0.006507478654384613,0.7060599999999999,0.82637,0.58473,17960.0,15069.20703125,0.4106731414794922,0.44577500224113464,0.03789253905415535,0.02303415536880493,-0.09058518707752228,-0.03722895681858063,0.048180993646383286,,0.037000000000000005,0.07200000000000001,0.198,0.489,0.012662499211728573,0.010499375872313976,0.6575196259525637,0.6599057461032424
Lower middle income,Papua New Guinea,PNG,0.04731427878141403,0.36625123023986816,3.8872413635253906,0.010007699951529503,0.0022091122809797525,0.52791,0.54113,0.51403,2940.0,,0.24913693964481354,,0.028864964842796326,0.007283502258360386,0.09315051138401031,0.137406125664711,0.0068544358946383,0.49715864658355713,0.522,0.6940000000000001,0.9209999999999999,0.419,0.017826072871685028,0.015422447584569454,0.6305587911087612,0.6430400590776216
Upper middle income,Paraguay,PRY,0.03322384133934975,0.44494813680648804,4.593380451202393,0.009890677407383919,0.0029845857061445713,0.7433799999999999,0.85624,0.6292300000000001,6290.0,5774.16845703125,0.19462373852729797,0.22338832914829254,0.026874316856265068,0.01363330613821745,0.006789462175220251,-0.0033860804978758097,0.013300279155373573,0.6061362624168396,0.026000000000000002,0.061,0.23199999999999998,0.444,0.012343894690275192,0.010273557156324387,0.6487442981847853,0.6528391888485063
Upper middle income,Peru,PER,0.04095591604709625,0.4005337655544281,4.764402389526367,0.0022241610568016768,-0.0013500001514330506,0.76736,0.8402299999999999,0.6950799999999999,7490.0,6608.98974609375,0.24655906856060028,0.18842333555221558,0.022254247218370438,0.009484591893851757,-0.028757145628333092,-0.012941515073180199,0.02795523591339588,0.33738386631011963,0.059000000000000004,0.11699999999999999,0.38299999999999995,0.40700000000000003,0.010937871411442757,0.008411584421992302,0.6680147253564094,0.6720087484403441
Lower middle income,Philippines,PHL,0.04637725278735161,0.4490565359592438,3.9439704418182373,0.011611269786953926,0.003822578815743327,0.63174,0.74252,0.5206000000000001,4470.0,3664.791015625,0.22493568062782288,0.24757999181747437,0.04561939463019371,0.03461015969514847,0.01410743873566389,-0.011477264575660229,0.02398132160305977,0.2777726352214813,0.053,0.16899999999999998,0.5870000000000001,0.39299999999999996,0.008256024681031704,0.0074967253021895885,0.6663999839887669,0.6933174748028141
High income,Poland,POL,0.05264929309487343,0.5479691624641418,2.5415468215942383,0.00475328927859664,0.007343664299696684,0.74837,0.80316,0.6929500000000001,21560.0,15011.3828125,0.2027340829372406,0.1838066726922989,0.03577784448862076,0.03968634083867073,-0.022272396832704544,-0.00501262117177248,0.036998070776462555,,0.003,0.005,0.015,0.289,-0.005786227993667126,-0.004659498576074839,0.6505081669959893,0.6450597761995648
High income,Portugal,PRT,0.03355637192726135,0.6172574162483215,7.357240676879883,0.007910172455012798,-0.0010920559288933873,0.77805,0.8000499999999999,0.75709,26620.0,24824.0078125,0.143606036901474,0.18869833648204803,0.02052617259323597,0.017677301540970802,-0.010652218945324421,0.004338034428656101,0.03591359406709671,,0.002,0.004,0.027999999999999997,0.363,-0.0005222470499575138,-0.001891903579235077,0.6266792994057481,0.6028111557680143
High income,Puerto Rico (U.S.),PRI,0.04230361059308052,0.5460877418518066,5.107937335968018,0.005804792046546936,0.001797617063857615,0.54147,0.6443000000000001,0.44659,25930.0,,0.20726224780082703,0.14958499372005463,-0.005351536441594362,0.005906788166612387,,,,,,,,,5.582777885138057e-05,-0.007628888823091984,0.636526418448685,0.6208253303160002
High income,Qatar,QAT,0.06278643012046814,0.17671850323677063,5.6713762283325195,0.009078179486095905,-0.045834578573703766,0.88556,0.96313,0.65114,76720.0,59149.484375,0.37469011545181274,,0.014068364165723324,-0.014309702441096306,0.15653805434703827,0.09249252825975418,-0.0032761311158537865,,0.0,0.0,0.0,0.35100000000000003,0.02300920896232128,0.010410946793854237,0.8325343956530967,0.8289432733668195
High income,Romania,ROU,0.057748980820178986,0.4995279312133789,3.541195869445801,0.0060591003857553005,0.011781224049627781,0.66634,0.76059,0.57027,17600.0,11238.65625,0.2827655076980591,0.2700716555118561,0.03232286497950554,0.03663176670670509,-0.03394346684217453,-0.052188582718372345,0.02838924154639244,,0.015,0.027999999999999997,0.086,0.32299999999999995,-0.005422585178166628,-0.006057000253349543,0.6430323646148784,0.6459615718439498
High income,Russian Federation,RUS,0.03674551844596863,0.5291459560394287,7.050748825073242,0.0012167784152552485,0.014890330843627453,0.7550100000000001,0.7995699999999999,0.71327,15320.0,9988.9794921875,0.22805704176425934,0.2948016822338104,0.014772334136068821,0.015117999166250229,0.03612043708562851,0.04461370408535004,0.007532158866524696,,0.002,0.004,0.022000000000000002,0.35100000000000003,-0.0042725554667413235,-0.002784530632197857,0.6554418329519726,0.6519355202475487
Low income,Rwanda,RWA,0.04848053306341171,0.7410100698471069,2.028607130050659,0.012243498116731644,0.009794007986783981,0.65838,0.71596,0.60439,1040.0,886.1410522460938,0.23488476872444153,0.25963667035102844,0.06649591773748398,0.04382586106657982,-0.09957706928253174,-0.11481724679470062,0.025917720049619675,0.7943206429481506,0.638,0.7859999999999999,0.932,0.43700000000000006,0.021417684853076935,0.01937893033027649,0.5871313404949221,0.6038252013886977
Upper middle income,Samoa,WSM,0.04398830607533455,0.4845505356788635,4.414557456970215,0.00804363377392292,0.0014869102742522955,0.45694,0.5812700000000001,0.33255,4650.0,,0.24559888243675232,,0.018461421132087708,0.00985343661159277,,-0.02157861366868019,0.009015892632305622,0.460988849401474,0.045,0.115,0.494,0.387,0.006239064037799835,0.006495330948382616,0.5565488408146978,0.5787875904704797
High income,San Marino,SMR,0.04230361059308052,0.6181733012199402,5.107937335968018,0.005804792046546936,0.001797617063857615,,,,,,0.20726224780082703,0.23587998747825623,0.02763047255575657,0.023489151149988174,,0.03908833861351013,,,,,,,-0.0045161559246480465,0.0005929088220000267,0.6533307525088591,0.6237774879971549
High income,Saudi Arabia,SAU,0.0630437508225441,0.27961787581443787,4.303133487701416,0.012706376612186432,-0.03638418763875961,0.65268,0.81947,0.358,35570.0,19800.552734375,0.24785223603248596,0.3220883309841156,0.02833210676908493,0.0062619601376354694,0.08933901786804199,0.01840762235224247,0.014005295932292938,,,,,,0.020780032500624657,0.014337023720145226,0.7323057538041706,0.7355670010789384
Lower middle income,Senegal,SEN,0.059783998876810074,0.523302435874939,3.9688923358917236,0.01310637779533863,-0.023526979610323906,0.51789,0.65157,0.3826,1680.0,1381.044921875,0.23231591284275055,0.2745966613292694,0.05229949951171875,0.02549801766872406,-0.06823841482400894,-0.10792075842618942,0.06542094051837921,1.3014620542526245,0.179,0.373,0.7859999999999999,0.36200000000000004,0.02320585958659649,0.02180974930524826,0.5819991093387847,0.6022577454822917
Upper middle income,Serbia,SRB,0.05486477166414261,0.6368544697761536,4.757336616516113,0.01067696139216423,0.013860869221389294,0.72425,0.79062,0.6607299999999999,11570.0,6545.4375,0.19252732396125793,0.23912833631038666,0.03261179104447365,0.04055510461330414,-0.06278502941131592,-0.04376032575964928,0.06594794243574142,0.6023915410041809,0.02,0.032,0.10300000000000001,0.32799999999999996,-0.005475453566759825,-0.007073745131492615,0.630029307254993,0.6176990182104393
High income,Seychelles,SYC,0.05833452194929123,0.5460877418518066,4.144360065460205,0.005804792046546936,0.001797617063857615,,,,17460.0,16319.400390625,0.4044441878795624,0.25683000683784485,0.042557492852211,0.014165983535349369,-0.1963900625705719,-0.0725545734167099,0.09785556048154831,,0.006999999999999999,0.013999999999999999,0.084,0.321,0.01909729838371277,0.004833634942770004,0.7150979347255183,0.7053906887132789
Low income,Sierra Leone,SLE,0.0590817853808403,0.5961245894432068,1.457534670829773,0.010691025294363499,0.018309149891138077,0.54583,0.56597,0.5257999999999999,840.0,653.36328125,0.2142474204301834,0.20969334244728088,0.03226471319794655,0.009410364553332329,-0.24132047593593597,-0.08598833531141281,0.03055652044713497,0.3714911639690399,0.415,0.65,0.915,0.35700000000000004,0.02122689224779606,0.018114976584911346,0.5866856977056008,0.609017223356959
High income,Singapore,SGP,0.05870509147644043,0.43946778774261475,4.271639347076416,0.009117957204580307,0.0036119078285992146,0.7688200000000001,0.82513,0.7059099999999999,74750.0,58343.6484375,0.2717953622341156,0.23303666710853577,0.03123096004128456,0.021365374326705933,0.16785576939582825,0.17732860147953033,0.2626829147338867,,,,,,0.007451239041984081,0.004534772131592035,0.7465762302810154,0.7112022087823222
High income,Sint Maarten (Dutch part),SXM,0.04230361059308052,0.5460877418518066,5.107937335968018,0.005804792046546936,0.001797617063857615,,,,,,0.20726224780082703,,0.0032393697183579206,-0.013489948585629463,,-0.06697314232587814,0.020807528868317604,,,,,,0.013960899785161018,0.009607638232409954,0.7092190401494793,0.683124507613775
High income,Slovak Republic,SVK,0.04865478351712227,0.5317507982254028,4.937575817108154,0.006305996794253588,0.013292782939970493,0.76498,0.8007500000000001,0.7283700000000001,23900.0,20992.759765625,0.18398474156856537,0.20784834027290344,0.02358843944966793,0.02352534420788288,-0.013433970510959625,-0.02874138019979,0.023291919380426407,,0.006999999999999999,0.017,0.066,0.24100000000000002,-0.0020490146707743406,-0.0027813364285975695,0.6570139843586777,0.6429063431328125
High income,Slovenia,SVN,0.04547341167926788,0.6326939463615417,6.491064071655273,0.005320918746292591,0.008350475691258907,0.76708,0.7976399999999999,0.73378,31640.0,27549.365234375,0.1693345606327057,0.21725499629974365,0.028348498046398163,0.02527569979429245,0.04099409282207489,0.04814712703227997,0.029636038467288017,,0.0,0.001,0.002,0.243,0.00014207854110281914,-0.002176807727664709,0.6351273058694343,0.620938218809732
Lower middle income,Solomon Islands,SLB,0.04731427878141403,0.4958328306674957,3.8872413635253906,0.010007699951529503,0.0022091122809797525,0.85831,0.87339,0.84265,2080.0,,0.24913693964481354,0.2336300015449524,0.021135423332452774,-0.0072251674719154835,,-0.05824983865022659,0.023300496861338615,0.31779080629348755,0.40299999999999997,0.629,0.907,0.371,0.023707835003733635,0.021753571927547455,0.5939083103230233,0.616802818995288
Low income,Somalia,SOM,0.04769023880362511,0.5202069878578186,2.2917304039001465,0.010602852329611778,0.0005836357595399022,0.34784,0.47944000000000003,0.21735,600.0,306.0224609375,0.15225447714328766,,0.04663827642798424,0.011219114065170288,-0.08942624926567078,,0.055588897317647934,0.27559182047843933,,,,,0.03482154756784439,0.029554150998592377,0.5081518369757807,0.5184648783567686
Upper middle income,South Africa,ZAF,0.05134329944849014,0.5428898334503174,3.7782483100891113,0.012045742943882942,-0.006775792688131332,0.6282,0.68084,0.5774900000000001,6100.0,6115.32763671875,0.17512549459934235,0.13744500279426575,0.006567694712430239,-0.007522806990891695,-0.033157479017972946,-0.011875505559146404,0.018725218251347542,0.43547916412353516,0.312,0.445,0.662,0.63,0.01249514240771532,0.009648761712014675,0.6742569289465644,0.6707766419387267
Low income,South Sudan,SSD,0.04769023880362511,0.5202069878578186,2.2917304039001465,0.010602852329611778,0.0005836357595399022,,,,,,0.20545710623264313,0.2545883357524872,-0.11421476304531097,-0.1028004065155983,,-0.05347494035959244,1.2502291610871907e-05,,0.765,0.88,0.976,0.44,0.03927924484014511,0.019461335614323616,0.5809085404723451,0.6181687716773461
High income,Spain,ESP,0.037610772997140884,0.5944926142692566,6.161749362945557,0.007096357177942991,-0.002649223431944847,0.74588,0.78491,0.70628,33410.0,33635.36328125,0.15561260282993317,0.21138334274291992,0.02063954994082451,0.015712643042206764,0.0030543734319508076,0.01958293840289116,0.031169254332780838,,0.008,0.01,0.024,0.336,-2.197822686866857e-05,-0.001579159521497786,0.6593281123721318,0.6404218399675307
Lower middle income,Sri Lanka,LKA,0.06350483000278473,0.38077279925346375,3.73699688911438,0.0015713709872215986,-0.0013606107095256448,0.54888,0.74803,0.35916,3860.0,4225.1064453125,0.2677140235900879,,0.011656774207949638,0.006324551533907652,-0.03438636288046837,-0.018757743760943413,0.010048117488622665,0.7370854616165161,0.027000000000000003,0.115,0.5329999999999999,0.377,0.0057275244034826756,0.004102783743292093,0.6586577365583566,0.6561112627625636
High income,St. Kitts and Nevis,KNA,0.034359659999608994,0.5460877418518066,10.753951072692871,0.005804792046546936,0.001797617063857615,,,,22310.0,,0.20726224780082703,0.27000001072883606,0.008647643029689789,0.00917142629623413,,-0.09410257637500763,0.052294645458459854,,,,,,0.0018162204651162028,0.00036073889350518584,0.7058471916828555,0.6863516781940848
Upper middle income,St. Lucia,LCA,0.03696352243423462,0.4845505356788635,4.820250511169434,0.00804363377392292,0.0014869102742522955,0.75529,0.8051600000000001,0.7056399999999999,12800.0,,0.24559888243675232,0.20715166628360748,0.01655201055109501,0.013383457437157631,,-0.04180557280778885,0.05349947139620781,0.4469916522502899,0.001,0.003,0.078,0.43700000000000006,0.00255689793266356,0.0008660611929371953,0.7284630598603009,0.7144042633553798
High income,St. Martin (French part),MAF,0.04230361059308052,0.5460877418518066,5.107937335968018,0.005804792046546936,0.001797617063857615,,,,,,0.20726224780082703,,,,,,,,,,,,-0.051685500890016556,-0.02498665079474449,0.6025680278617628,0.5558957561948163
Upper middle income,St. Vincent and the Grenadines,VCT,0.02588435634970665,0.4845505356788635,8.311578750610352,0.00804363377392292,0.0014869102742522955,0.74497,0.83955,0.64461,11020.0,,0.24559888243675232,0.2537049949169159,0.02198166213929653,0.02863217145204544,,-0.14290671050548553,0.10240068286657333,0.5861657857894897,,,,,-0.0070021431893110275,-0.005693269427865744,0.6681740478651507,0.6708102750474931
Low income,Sudan,SDN,0.0401422493159771,0.6345337629318237,3.1637625694274902,0.006498468574136496,-0.009452419355511665,,,,720.0,1969.1199951171875,0.054574914276599884,,-0.054813969880342484,-0.08100807666778564,-0.05768786743283272,-0.1234005019068718,0.024714453145861626,0.5659533143043518,0.10099999999999999,0.26,0.732,0.342,0.00808373186737299,0.02237829938530922,0.5622693529128572,0.5734623356348719
Upper middle income,Suriname,SUR,0.08175977319478989,0.45805999636650085,5.572695732116699,0.00804363377392292,0.0014869102742522955,0.60249,0.69757,0.5049,5870.0,,0.24559888243675232,0.3657466471195221,-0.01315030362457037,-0.022921305149793625,,-0.011295821517705917,0.011800907552242279,1.1714591979980469,0.022000000000000002,0.046,0.209,0.392,0.008778533898293972,0.007326382678002119,0.6646152221439368,0.6619635049271277
High income,Sweden,SWE,0.04612135887145996,0.6101550459861755,4.895010948181152,0.003686873009428382,0.0017502405680716038,0.84048,0.8577400000000001,0.82235,58820.0,59878.49609375,0.21503585577011108,0.25716498494148254,0.018895531073212624,0.010268782265484333,0.04305621236562729,0.04565298184752464,0.04159832373261452,,0.013000000000000001,0.013999999999999999,0.017,0.316,0.005246604792773724,0.002781260060146451,0.6226745189662033,0.6253067695658396
High income,Switzerland,CHE,0.05322406068444252,0.6534616947174072,4.673139572143555,0.002369689056649804,0.0037448948714882135,0.84021,0.8770399999999999,0.80246,95900.0,82937.625,0.2682412266731262,0.26244667172431946,0.01720738597214222,0.007381625473499298,0.08510603755712509,0.05656442418694496,-0.02883262000977993,,0.0,0.001,0.002,0.33799999999999997,0.005779965780675411,0.0027791254688054323,0.6503013736523312,0.6257587585501779
Low income,Syrian Arab Republic,SYR,0.06591986864805222,0.5202069878578186,0.4226081371307373,0.00920274667441845,0.0005836357595399022,0.3972,0.6527,0.14249,,1056.7286376953125,0.22366012632846832,,-0.009295009076595306,-0.026150163263082504,-0.13840894401073456,,,0.24385711550712585,0.165,0.39299999999999996,0.879,0.266,0.04468095302581787,0.02327345311641693,0.6609485250322324,0.6695182500474561
Lower middle income,São Tomé and Príncipe,STP,0.06185852736234665,0.7383179664611816,2.78873872756958,0.010007699951529503,0.0022091122809797525,0.23524,0.24065,0.2299,2770.0,,0.24913693964481354,0.2087533324956894,0.02279377356171608,0.004809424746781588,,-0.19631794095039368,0.09864577651023865,0.6690558791160583,0.13,0.305,0.7,0.40700000000000003,0.020004654303193092,0.018956540152430534,0.5827143563736406,0.601356191023361
High income,"Taiwan, China",TWN,0.06226292997598648,0.6509206295013428,4.407692909240723,0.010071072727441788,0.011463893577456474,,,,,,0.20726224780082703,0.26406165957450867,,,,,,,,,,,-0.004435019101947546,-0.004786456469446421,0.6911491455013151,0.6575974714419465
Lower middle income,Tajikistan,TJK,0.024998800829052925,0.4363262355327606,14.523880958557129,-0.0009580470505170524,0.06357506662607193,0.42718000000000006,0.52808,0.33182,1650.0,1173.7919921875,0.07436692714691162,0.23693999648094177,0.07086619734764099,0.04799332842230797,-0.052572473883628845,0.023910831660032272,0.023891406133770943,0.561309278011322,0.133,0.298,0.742,0.34,0.019173230975866318,0.01613396406173706,0.598869268059856,0.6170865966173554
Lower middle income,Tanzania,TZA,0.03912278264760971,0.582648754119873,3.8301799297332764,0.007702580187469721,-0.0072942255064845085,0.84949,0.8819199999999999,0.81785,1200.0,1039.876953125,0.3287774324417114,0.4027666747570038,0.051117267459630966,0.02041509374976158,-0.07474596798419952,-0.03726012259721756,0.01937774568796158,0.4376031160354614,0.513,0.7,0.915,0.405,0.02874266728758812,0.026803262531757355,0.544188908435551,0.558225331900422
Upper middle income,Thailand,THA,0.06957446038722992,0.4378435015678406,4.071815013885498,0.009193704463541508,0.0017838728381320834,0.75235,0.82267,0.68408,7120.0,6646.71142578125,0.24640138447284698,0.2015950083732605,0.019124191254377365,0.017077885568141937,0.045119114220142365,0.04185307398438454,0.016394179314374924,0.3753127455711365,0.0,0.002,0.10099999999999999,0.335,-0.00048021055408753455,-0.001419633161276579,0.6988776345418599,0.6770899684619911
Lower middle income,Timor-Leste,TLS,0.04731427878141403,0.4958328306674957,3.8872413635253906,0.010007699951529503,0.0022091122809797525,0.6631,0.71585,0.60925,1560.0,1231.0849609375,0.3920307755470276,0.186039999127388,0.010926024988293648,-0.006054177414625883,0.8259449601173401,0.01649307832121849,-0.03465379774570465,0.1477866917848587,0.442,0.716,0.96,0.287,0.011743363924324512,0.014377732761204243,0.610638509022317,0.6446401494402734
Low income,Togo,TGO,0.04674762859940529,0.5007608532905579,3.134664535522461,0.011812927201390266,0.016753865405917168,0.59136,0.60961,0.5728,1010.0,630.535888671875,0.22816750407218933,0.2884916663169861,0.04763733223080635,0.02347019501030445,-0.0675436332821846,-0.03402979299426079,0.003650081343948841,0.3680201768875122,0.34700000000000003,0.556,0.87,0.379,0.022413667291402817,0.020644990727305412,0.5726074252182197,0.5892968375697687
Upper middle income,Tonga,TON,0.04398830607533455,0.4845505356788635,4.414557456970215,0.00804363377392292,0.0014869102742522955,0.53982,0.6546299999999999,0.44549999999999995,,,0.24559888243675232,,0.014424177818000317,0.01654118485748768,,-0.06355834007263184,0.0108560249209404,0.3861607015132904,0.004,0.018000000000000002,0.267,0.271,-0.004042693413794041,-0.002045480767264962,0.5788117167664182,0.6043381142722783
High income,Trinidad and Tobago,TTO,0.0335717648267746,0.3381960093975067,5.62117862701416,0.0030371099710464478,-0.012575263157486916,0.67045,0.75177,0.58861,20000.0,,0.20726224780082703,,-0.019826432690024376,-0.02152085490524769,,0.05904750898480415,-0.01564655639231205,,0.032,0.09,0.305,0.402,0.0032218298874795437,-0.0008929294999688864,0.6986134927375087,0.6829943236276148
Lower middle income,Tunisia,TUN,0.04306744784116745,0.5609004497528076,3.3227086067199707,0.01731293275952339,0.0014827136183157563,0.51191,0.7245900000000001,0.30515000000000003,3900.0,4213.189453125,0.22418943047523499,0.10052666813135147,0.00765625387430191,-0.0008649200317449868,-0.08076588809490204,-0.0766550824046135,0.016981028020381927,0.8564705848693848,0.006999999999999999,0.024,0.207,0.337,0.00626519275829196,0.0036043250001966953,0.6643141720090617,0.6736259380041815
Upper middle income,Turkmenistan,TKM,0.04858286678791046,0.4845505356788635,5.461977958679199,0.00804363377392292,0.0014869102742522955,0.50575,0.48601,0.52477,8390.0,,0.24559888243675232,,0.056847069412469864,0.03585301339626312,,,0.04201169312000275,0.06461852788925171,0.35100000000000003,0.556,0.846,0.408,0.01750641129910946,0.010912066325545311,0.6396289224689284,0.6541180267926819
High income,Turks and Caicos Islands,TCA,0.02853412926197052,0.5460877418518066,7.2750654220581055,0.005804792046546936,0.001797617063857615,,,,,,0.20726224780082703,,0.10104720294475555,0.07270429283380508,,0.14199265837669373,0.012879080139100552,,,,,,0.007268210407346487,0.005485613830387592,0.7267726095692443,0.6994384350781218
Upper middle income,Tuvalu,TUV,0.04398830607533455,0.4845505356788635,4.414557456970215,0.00804363377392292,0.0014869102742522955,,,,,,0.24559888243675232,,0.03781432285904884,0.05030609667301178,,0.10243930667638779,0.005002221558243036,,0.09,0.212,0.606,0.391,-0.017470385879278183,-0.006170818582177162,0.603856720750609,0.5992815694943354
Upper middle income,Türkiye,TUR,0.05705101042985916,0.4255647361278534,3.374753475189209,0.012691490352153778,-0.0010282909497618675,0.59965,0.78129,0.41455,13150.0,12078.4921875,0.2793434262275696,0.2557399868965149,0.04637223854660988,0.03611525148153305,-0.042890310287475586,-0.023493530228734016,0.013883078470826149,0.4469851553440094,0.005,0.012,0.10800000000000001,0.445,0.002326875226572156,0.003061082912608981,0.682669114485188,0.6867578163999957
Low income,Uganda,UGA,0.03858647868037224,0.5202069878578186,2.926826238632202,0.02405291050672531,0.0005836357595399022,0.8199200000000001,0.86288,0.7781,1020.0,779.1036987304688,0.24385744333267212,0.24815499782562256,0.04718944802880287,0.015401587821543217,-0.05915362015366554,-0.0684298649430275,0.03752383589744568,0.3976600766181946,0.598,0.763,0.9359999999999999,0.42700000000000005,0.02753731608390808,0.02412823587656021,0.5426841707830492,0.5661835654846383
Upper middle income,Ukraine,UKR,0.025748804211616516,0.5583688020706177,18.85358238220215,0.0026251478120684624,0.0004966527922078967,,,,5220.0,2297.968994140625,0.17575319111347198,0.2143416553735733,-0.025049502030014992,-0.003958436194807291,-0.03925915062427521,-0.01330232061445713,0.02387991175055504,0.9747489094734192,0.0,0.002,0.113,0.256,0.0033702861983329058,-0.007805877365171909,0.6714901549110059,0.6731689209056639
High income,United Arab Emirates,ARE,0.03622863441705704,0.5460877418518066,7.513891220092773,0.01645682007074356,0.001797617063857615,0.78881,0.90518,0.55564,49500.0,40468.4609375,0.20942436158657074,0.28683000802993774,0.028785638511180878,-0.001194825628772378,0.10253215581178665,,0.03936581313610077,,0.0,0.0,0.006,0.264,0.03554246202111244,0.011215925216674805,0.8212206005751814,0.8173735019713952
High income,United Kingdom,GBR,0.03908064588904381,0.5951213240623474,4.911809921264648,0.0031688441522419453,-0.0018439741106703877,0.77077,0.80669,0.73512,48610.0,43171.52734375,0.18146127462387085,0.17097000777721405,0.013308749534189701,0.006423494312912226,-0.01530778780579567,-0.03239251300692558,0.0260626208037138,,0.005,0.005,0.01,0.324,0.006606121547520161,0.004437779076397419,0.6331518593453518,0.6324491710914103
High income,United States,USA,0.04788793623447418,0.5683026909828186,3.2358741760253906,0.0029754803981631994,0.00451917527243495,0.73729,0.78307,0.68928,83660.0,55621.5078125,0.21942071616649628,0.21730832755565643,0.024386217817664146,0.018058836460113525,-0.030004944652318954,-0.027916884049773216,0.01657766103744507,,0.012,0.015,0.02,0.418,0.0056589641608297825,0.00450786342844367,0.647466928651531,0.6336633822745467
High income,Uruguay,URY,0.03638416901230812,0.5189269781112671,4.217350959777832,0.01306565199047327,0.012187222018837929,0.7580100000000001,0.80345,0.7125499999999999,21580.0,17421.041015625,0.1750534474849701,0.14975500106811523,0.011086513288319111,0.010189151391386986,-0.012728458270430565,-0.009851454757153988,0.025645265355706215,,0.002,0.006999999999999999,0.066,0.409,-0.00044075955520384014,-0.0007527806446887553,0.656618351068738,0.6650479744729109
Lower middle income,Uzbekistan,UZB,0.05538738891482353,0.37945353984832764,6.279387474060059,0.010007699951529503,0.0022091122809797525,0.6077600000000001,0.7750199999999999,0.43642000000000003,3020.0,3170.662353515625,0.4310510754585266,0.3920683264732361,0.05651107802987099,0.038019344210624695,0.005297207739204168,-0.0343632772564888,0.023291734978556633,0.5766101479530334,0.040999999999999995,0.073,0.24600000000000002,0.345,0.019706537947058678,0.015370109118521214,0.6303205784940754,0.6138545332471235
Lower middle income,Vanuatu,VUT,0.04731427878141403,0.7336539030075073,3.8872413635253906,0.010007699951529503,0.0022091122809797525,0.6022099999999999,0.64806,0.5566,3940.0,2908.244873046875,0.3364313840866089,0.33231499791145325,0.018960192799568176,-0.00411272794008255,-0.00907762348651886,-0.05905330553650856,0.03826722875237465,0.4178799092769623,0.195,0.369,0.813,0.32299999999999995,0.022735195234417915,0.020456014201045036,0.5739030287313803,0.5938079389735211
,"Venezuela, RB",VEN,0.03265747055411339,0.08436375111341476,,0.0,-0.03762079402804375,0.57148,0.7252500000000001,0.42003999999999997,,,0.22240549325942993,,,,,,,,,,,0.447,0.0036923212464898825,0.004723194055259228,0.64793783382349,0.6600551217917515
Lower middle income,Vietnam,VNM,0.05217429995536804,0.4958328306674957,3.489879846572876,0.009887972846627235,0.0022091122809797525,0.79097,0.82864,0.7541899999999999,4490.0,2604.224365234375,0.29674774408340454,0.2965116798877716,0.059571441262960434,0.04990154504776001,0.018005680292844772,0.019878149032592773,0.04632264003157616,0.32694950699806213,0.016,0.042,0.215,0.361,0.006312670186161995,0.004747200291603804,0.6772881167051985,0.682626143168663
High income,Virgin Islands (U.S.),VIR,0.04230361059308052,0.5460877418518066,5.107937335968018,0.005804792046546936,0.001797617063857615,0.67216,0.70233,0.64385,,,0.20726224780082703,,0.007257293909788132,0.010151302441954613,,,,,,,,,-0.009331509470939636,-0.007135713007301092,0.6081326188092574,0.582521149755108
Lower middle income,West Bank and Gaza,PSE,0.031502995640039444,0.4958328306674957,4.66707181930542,0.010007699951529503,0.0022091122809797525,,,,3080.0,3378.434814453125,0.23087844252586365,,-0.020633086562156677,-0.044325824826955795,-0.13980594277381897,-0.13459070026874542,0.011730346828699112,,0.021,0.061,0.28600000000000003,0.364,0.01581762544810772,0.017901260405778885,0.581151601426855,0.6083591106238588
Low income,"Yemen, Rep.",YEM,0.027231667190790176,0.5202069878578186,16.298141479492188,0.03332335129380226,0.0005836357595399022,0.33677999999999997,0.61625,0.05098,,1279.208740234375,0.060897622257471085,0.12191666662693024,-0.11785569787025452,-0.08645901083946228,-0.02702176943421364,-0.07426640391349792,-0.010346644558012486,,0.33299999999999996,0.5770000000000001,0.88,0.36700000000000005,0.029821040108799934,0.02485293336212635,0.5634853585653726,0.5726941733862904
Lower middle income,Zambia,ZMB,0.037143778055906296,0.29998084902763367,4.06998872756958,0.015055641531944275,0.006724679842591286,0.59728,0.65255,0.5432,1260.0,1349.659912109375,0.3249819874763489,0.32699501514434814,0.03291229158639908,0.0035738328006118536,0.009659498929977417,0.016426080837845802,0.024464311078190804,1.0526270866394043,0.7170000000000001,0.8140000000000001,0.94,0.515,0.028118226677179337,0.02571103163063526,0.5659590281574831,0.5884046054767609
Lower middle income,Zimbabwe,ZWE,0.06134645268321037,0.5333811044692993,2.3883957862854004,0.011877050623297691,0.01786491461098194,0.66021,0.72148,0.60759,2260.0,1414.8294677734375,0.13317587971687317,,0.01864520274102688,0.0028740877751260996,-0.08759857714176178,-0.006349480245262384,0.012649167329072952,0.40342986583709717,0.49200000000000005,0.6459999999999999,0.862,0.503,0.0178048238158226,0.01851465180516243,0.5552458320865424,0.5936608871134251
